NlmUniqueID	Title	MedlineTA	Country	Place	Publisher	PublicationFirstYear	PublicationEndYear	Frequency	ISSN-Electronic	ISSN-Print	ISSN-Linking	Language	TitleContinuationYN	IndexingStartDate	CurrentlyIndexedYN	IndexOnlineYN	IndexingSubset	IndexingSelectedURL	ReportedMedlineYN	ISSN	sherpa_oa	embargo	sherpa_oa_green	additional_oa_fee	sherpa_oa_hybrid	title_sherpa	issne_sherpa	issnp_sherpa	url	publisher_id	publisher_country	publisher_type	publisher_url	publisher_name	sherpa_id	sherpa_uri	ISSN_old_x	DOAJ_pissn	ISSN_old_y	DOAJ_title	DOAJ_eissn	DOAJ_Seal	DOAJ_date	DOAJ_year	DOAJ
9103983	Acta cirúrgica brasileira	Acta Cir Bras	Brazil	Sao Paulo	Sociedade Brasileira Para O Desenvolvimento Da Pesquisa Em Cirurgia Curso De Pos-Graduacao Em Tecnica Operatoria E Cirurgia Experimental Escola Paulista De Medicina	1986		Quarterly	1678-2674	0102-8650	0102-8650	eng	N	2005.0	Y	Y	IM	http://www.scielo.br/scielo.php?script=sci_issues&pid=0102-8650&lng=en&nrm=iso	Y	1678-2674																	1678-2674	1678-2674		Acta Cirúrgica Brasileira	1678-2674	No	2004-04-23T21:31:00Z	2004	yes
101587903	Acta medica academica	Acta Med Acad	Bosnia and Herzegovina	Sarajevo	Akademija nauka i umjetnosti Bosne i Hercegovine	2006		Three issues a year,	1840-2879	1840-1848	1840-1848	eng	N	2012.0	Y	Y	IM	http://www.ama.ba/index.php/ama/issue/archive	Y	1840-2879																	1840-2879	1840-2879		Acta Medica Academica	1840-2879	No	2013-01-08T11:33:20Z	2013	yes
101241032	Acta medico-historica adriatica : AMHA	Acta Med Hist Adriat	Croatia	Rijeka [Croatia]	Hrvatsko znanstveno društvo za povijest zdravstvene kulture	2003		Two no. a year	1334-6253	1334-4366	1334-4366	eng	N	2009.0	Y	Y	IM	http://hrcak.srce.hr/amha?lang=en	Y	1334-6253																	1334-6253	1334-6253		Acta Medico-Historica Adriatica	1334-6253	No	2018-09-07T10:29:11Z	2018	yes
7901042	Acta medica Indonesiana	Acta Med Indones	Indonesia	Jakarta, Indonesia	Indonesian Society of Internal Medicine	1968		Quarterly,		0125-9326	0125-9326	eng	N	2004.0	Y	Y	IM	http://www.actamedindones.org/index.php/ijim	Y	0125-9326																		0125-9326	2338-2732	Acta Medica Indonesiana	2338-2732	No	2013-10-03T13:46:32Z	2013	yes
101231512	Acta orthopaedica	Acta Orthop	England	London	Informa Healthcare	2005		Bimonthly	1745-3682	1745-3674	1745-3674	eng	Y	2005.0	Y	Y	IM	http://www.tandfonline.com/loi/iort20	Y	1745-3682																	1745-3682	1745-3682		Acta Orthopaedica	1745-3682	No	2005-03-02T10:20:44Z	2005	yes
101138582	Advances in clinical and experimental medicine : official organ Wroclaw Medical University	Adv Clin Exp Med	Poland	Wroclaw, Poland	The University	1998		Bimonthly,		1899-5276	1899-5276	eng	N	2012.0	Y	N	IM		Y	1899-5276																		1899-5276	2451-2680	Advances in Clinical and Experimental Medicine	2451-2680	No	2022-07-13T12:40:40Z	2022	yes
7503280	Anais da Academia Brasileira de Ciências	An Acad Bras Cienc	Brazil	Rio De Janeiro	Academia Brasileira De Ciencias	1929		Quarterly	1678-2690	0001-3765	0001-3765	eng	N	1970.0	Y	Y	IM	http://www.scielo.br/scielo.php?script=sci_issues&pid=0001-3765&lng=en&nrm=iso	Y	1678-2690																	1678-2690	1678-2690		Anais da Academia Brasileira de Ciências	1678-2690	No	2004-04-23T21:31:00Z	2004	yes
101472620	Anaesthesiology intensive therapy	Anaesthesiol Intensive Ther	Poland	Poznań, Poland	Termedia sp. z.o.o.	2001		5 times a year,	1731-2531	1642-5758	1642-5758	eng	N	2012.0	Y	Y	IM	https://www.termedia.pl/Journal/Anaesthesiology_Intensive_Therapy-118/Archive	Y	1731-2531																	1731-2531	1731-2531		Anaesthesiology Intensive Therapy	1731-2531	No	2017-04-26T10:48:12Z	2017	yes
101541993	Analytical cellular pathology (Amsterdam)	Anal Cell Pathol (Amst)	United States	New York	Hindawi	2010		Monthly	2210-7185	2210-7177	2210-7177	eng	Y	2010.0	Y	Y	IM	https://www.ncbi.nlm.nih.gov/pmc/journals/2671/	Y	2210-7185																	2210-7185	2210-7185		Analytical Cellular Pathology	2210-7185	Yes	2016-01-12T08:43:37Z	2016	yes
101652981	Anatolian journal of cardiology	Anatol J Cardiol	Turkey	İstanbul, Turkey	AVES	2014		Monthly	2149-2271	2149-2263	2149-2263	eng	Y	2015.0	Y	Y	IM	http://anatoljcardiol.com/jvi.aspx?pdir=anatoljcardiol&plng=eng&list=pub	Y	2149-2271																	2149-2271	2149-2271		Anatolian Journal of Cardiology	2149-2271	No	2016-08-28T07:49:25Z	2016	yes
101726292	Animal models and experimental medicine	Animal Model Exp Med	United States	[Hoboken, New Jersey]	John Wiley & Sons, Inc.	2018		Quarterly	2576-2095	2096-5451	2576-2095	eng	N	2021.0	Y	Y	IM	https://onlinelibrary.wiley.com/loi/25762095	Y	2576-2095																	2576-2095	2576-2095		Animal Models and Experimental Medicine	2576-2095	No	2018-07-26T14:03:51Z	2018	yes
9500166	Annals of agricultural and environmental medicine : AAEM	Ann Agric Environ Med	Poland	Lublin, Poland	Institute of Agricultural Medicine	1994		Two no. a year	1898-2263	1232-1966	1232-1966	eng	N	1998.0	Y	Y	IM	http://www.aaem.pl	Y	1898-2263																	1898-2263	1898-2263		Annals of Agricultural and Environmental Medicine	1898-2263	No	2004-04-02T11:12:04Z	2004	yes
101155885	Annals of hepatology	Ann Hepatol	Mexico	México	Fundación Clínica Médica Sur	2002		Bimonthly,		1665-2681	1665-2681	eng	N	2002.0	Y	Y	IM	http://new.medigraphic.com/cgi-bin/publicaciones.cgi?IDREVISTA=13&NOMBRE=Annals%20of%20Hepatology	Y	1665-2681																		1665-2681	2659-5982	Annals of Hepatology	2659-5982	No	2021-05-28T12:51:37Z	2021	yes
9703158	Annals of thoracic and cardiovascular surgery : official journal of the Association of Thoracic and Cardiovascular Surgeons of Asia	Ann Thorac Cardiovasc Surg	Japan	Tokyo	Japanese Editorial Committee of Annals of Thoracic and Cardiovascular Surgery	1995		Six no. a year	2186-1005	1341-1098	1341-1098	eng	N	1998.0	Y	Y	IM	http://www.jstage.jst.go.jp/browse/atcs/	Y	2186-1005																	2186-1005	2186-1005		Annals of Thoracic and Cardiovascular Surgery	2186-1005	No	2021-10-11T12:25:22Z	2021	yes
101126728	Archivos de cardiología de México	Arch Cardiol Mex	Mexico	[Mexico, D.F.]	Permanyer Mexico	2001		Quarterly	1665-1731	1405-9940	1665-1731	eng	Y	2001.0	Y	Y	IM	http://www.archivoscardiologia.com/	Y	1665-1731																	1665-1731	1665-1731		Archivos de Cardiología de México	1665-1731	No	2018-09-11T13:58:42Z	2018	yes
101652058	Archives of endocrinology and metabolism	Arch Endocrinol Metab	Brazil	São Paulo, SP	Segmento Farma Editores	2015		Bimonthly	2359-4292	2359-3997	2359-3997	eng	Y	2015.0	Y	Y	IM	http://www.abem-sbem.org.br/	Y	2359-4292																	2359-4292	2359-4292		Archives of Endocrinology and Metabolism	2359-4292	No	2017-02-09T23:50:11Z	2017	yes
100890196	Archivos de prevención de riesgos laborales	Arch Prev Riesgos Labor	Spain	Barcelona	Societat Catalana de Salut Laboral	1998		Quarterly	1578-2549	1138-9672	1138-9672	spa	N	2012.0	Y	Y	IM	http://archivosdeprevencion.com/	Y	1578-2549																	1578-2549	1578-2549		Archivos de Prevención de Riesgos Laborales	1578-2549	No	2021-03-11T10:13:44Z	2021	yes
101549567	Archives of Razi Institute	Arch Razi Inst	Iran	Karaj, Iran	Razi Vaccine and Serum Research Institute	1999		Semiannual,	2008-9872	0365-3439	0365-3439	eng	N	2018.0	Y	Y	IM	http://archrazi.areeo.ac.ir/	Y	2008-9872																	2008-9872	2008-9872		Archives of Razi Institute	2008-9872	No	2018-02-18T08:34:01Z	2018	yes
0421031	Arquivos brasileiros de cardiologia	Arq Bras Cardiol	Brazil	Sao Paulo	Sociedad Brasileira De Cardiologia	1948		Monthly	1678-4170	0066-782X	0066-782X	eng	N	1965.0	Y	Y	IM	http://www.scielo.br/scielo.php?script=sci_serial&pid=0066-782x&lng=en&nrm=iso	Y	1678-4170																	1678-4170	1678-4170		Arquivos Brasileiros de Cardiologia	1678-4170	No	2004-04-23T21:31:00Z	2004	yes
15310600R	Arquivos de gastroenterologia	Arq Gastroenterol	Brazil	São Paulo	Instituto Brasileiro de Estudos e Pesquisas de Gastroenterologia.	1964		Quarterly	1678-4219	0004-2803	0004-2803	eng	N	1978.0	Y	Y	IM	http://www.scielo.br/scielo.php?script=sci_issues&pid=0004-2803&lng=en&nrm=iso	Y	1678-4219																	1678-4219	1678-4219		Arquivos de Gastroenterologia	1678-4219	No	2004-04-23T21:31:00Z	2004	yes
0125444	Arquivos de neuro-psiquiatria	Arq Neuropsiquiatr	Brazil	Sao Paulo	Associacao Arquivos De Neuro-Psiquitria Dr Oswaldo Lange	1943		Quarterly	1678-4227	0004-282X	0004-282X	por	N	1965.0	Y	Y	IM	http://www.scielo.br/scielo.php?script=sci_issues&pid=0004-282X&lng=en&nrm=iso	Y	1678-4227																	1678-4227	1678-4227		Arquivos de Neuro-Psiquiatria	1678-4227	No	2004-04-23T21:31:00Z	2004	yes
101130625	Asian Pacific journal of cancer prevention : APJCP	Asian Pac J Cancer Prev	Thailand	Bangkok	Asian Pacific Organization for Cancer Prevention	2000		Quarterly,	2476-762X	1513-7368	1513-7368	eng	N	2003.0	Y	Y	IM	http://www.koreascience.or.kr/journal/POCPA9.page	Y	2476-762X																	2476-762X	2476-762X		Asian Pacific Journal of Cancer Prevention	2476-762X	No	2017-12-18T14:47:03Z	2017	yes
101571817	Balkan medical journal	Balkan Med J	Turkey	Istanbul	AVES Pub.	2011		Quarterly	2146-3131	2146-3123	2146-3123	eng	N	2016.0	Y	Y	IM	http://www.balkanmedicaljournal.org	Y	2146-3131																	2146-3131	2146-3131		Balkan Medical Journal	2146-3131	No	2017-12-06T13:37:23Z	2017	yes
101581063	Bioengineered	Bioengineered	United States	Philadelphia, PA	Taylor & Francis	2012		Bimonthly	2165-5987	2165-5979	2165-5979	eng	Y	2012.0	Y	Y	IM	http://www.tandfonline.com/toc/kbie20/current	Y	2165-5987																	2165-5987	2165-5987		Bioengineered	2165-5987	No	2019-02-14T09:20:02Z	2019	yes
101599820	Biomedical journal	Biomed J	United States	New York	Elsevier	2012		Bimonthly	2320-2890	2319-4170	2319-4170	eng	Y	2012.0	Y	Y	IM	http://www.sciencedirect.com/science/journal/23194170	Y	2320-2890																	2320-2890	2320-2890		Biomedical Journal	2320-2890	No	2013-01-08T10:15:27Z	2013	yes
101140142	Biomedical papers of the Medical Faculty of the University Palacký, Olomouc, Czechoslovakia	Biomed Pap Med Fac Univ Palacky Olomouc Czech Repub	Czech Republic	Olomouc	Vydavatelství Univerzity Palackého	1985		Two issues a year,		1213-8118	1213-8118	cze	N	2001.0	Y	Y	IM	http://biomed.papers.upol.cz/	Y	1213-8118																		1213-8118	1804-7521	Biomedical Papers	1804-7521	No	2019-12-17T14:32:02Z	2019	yes
8205605	Biomédica : revista del Instituto Nacional de Salud	Biomedica	Colombia	Bogota	Instituto Nacional de Salud	1981		Quarterly	2590-7379	0120-4157	0120-4157	spa	N	2002.0	Y	Y	IM	http://www.scielo.org.co/scielo.php?script=sci_serial&pid=0120-4157&lng=pt&nrm=iso	Y	2590-7379																	2590-7379	2590-7379		Biomédica: revista del Instituto Nacional de Salud	2590-7379	No	2016-11-11T09:34:00Z	2016	yes
101465334	BMB reports	BMB Rep	Korea (South)	Seoul	Korean Society for Biochemistry and Molecular Biology	2008		Monthly	1976-670X	1976-6696	1976-6696	eng	Y	2008.0	Y	Y	IM	http://bmbreports.org	Y	1976-670X																	1976-670X	1976-670X		BMB Reports	1976-670X	No	2008-12-10T11:59:50Z	2008	yes
101761232	BMC complementary medicine and therapies	BMC Complement Med Ther	England	London	BioMed Central	2020		Annual	2662-7671		2662-7671	eng	Y	2020.0	Y	Y	IM	https://link.springer.com/journal/12906	Y	2662-7671																	2662-7671	2662-7671		BMC Complementary Medicine and Therapies	2662-7671	No	2020-04-02T12:36:00Z	2020	yes
0414106	Boletín médico del Hospital Infantil de México	Bol Med Hosp Infant Mex	Mexico	Ciudad de México	Permanyer	1944		Bimonthly,	1665-1146	0539-6115	0539-6115	spa	N	1965.0	Y	Y	IM	https://bmhim.com/index.php	Y	1665-1146																	1665-1146	1665-1146		Boletín Médico del Hospital Infantil de México	1665-1146	No	2021-03-29T08:23:20Z	2021	yes
9214652	Brazilian dental journal	Braz Dent J	Brazil	Ribeirão Preto	Dental Foundation of Ribeirão Preto	1990		Three no. a year,	1806-4760	0103-6440	0103-6440	eng	N	1990.0	Y	Y	D	http://www.scielo.br/scielo.php?script=sci_issues&pid=0103-6440&lng=en&nrm=iso	Y	1806-4760																	1806-4760	1806-4760		Brazilian Dental Journal	1806-4760	No	2017-03-13T13:58:31Z	2017	yes
101129542	Brazilian journal of biology = Revista brasleira de biologia	Braz J Biol	Brazil	São Carlos, SP [Brazil]	International Institute of Ecology	2000		Quarterly	1678-4375	1519-6984	1519-6984	eng	Y	2000.0	Y	Y	IM	http://www.scielo.br/scielo.php?script=sci_issues&pid=1519-6984&lng=en&nrm=iso	Y	1678-4375																	1678-4375	1678-4375		Brazilian Journal of Biology	1678-4375	No	2004-04-23T21:31:00Z	2004	yes
101677045	Brazilian journal of cardiovascular surgery	Braz J Cardiovasc Surg	Brazil	São Paulo, SP, Brasil	Brazilian Society of Cardiovascular Surgery	2015		Bimonthly	1678-9741	0102-7638	0102-7638	eng	Y	2015.0	Y	Y	IM	http://www.scielo.br/scielo.php?script=sci_serial&pid=0102-7638&lng=en&nrm=iso	Y	1678-9741																	1678-9741	1678-9741		Brazilian Journal of Cardiovascular Surgery	1678-9741	No	2004-04-23T21:31:01Z	2004	yes
8112917	Brazilian journal of medical and biological research = Revista brasileira de pesquisas médicas e biológicas	Braz J Med Biol Res	Brazil	[SP, Brasil	Associação Brasileira de Divulgação Científica	1981		Monthly	1414-431X	0100-879X	0100-879X	eng	N	1981.0	Y	Y	IM	http://www.scielo.br/scielo.php?script=sci_issues&pid=0100-879X&lng=en&nrm=iso	Y	1414-431X																	1414-431X	1414-431X		Brazilian Journal of Medical and Biological Research	1414-431X	No	2004-04-02T13:35:11Z	2004	yes
101207337	Brazilian journal of otorhinolaryngology	Braz J Otorhinolaryngol	Brazil	São Paulo, SP, Brasil	E.N.T. Brazilian Society	2000		Bimonthly	1808-8686	1808-8694	1808-8686	eng	N	2005.0	Y	Y	IM	http://www.rborl.org.br/english/default.asp	Y	1808-8686																	1808-8686	1808-8686		Brazilian Journal of Otorhinolaryngology	1808-8686	No	2010-10-28T15:30:20Z	2010	yes
100895975	Revista brasileira de psiquiatria (São Paulo, Brazil : 1999)	Braz J Psychiatry	Brazil	São Paulo, SP, Brasil	Associação Brasileira de Psiquiatria	1999		Bimonthly,	1809-452X	1516-4446	1516-4446	eng	N	2003.0	Y	Y	IM	http://www.scielo.br/scielo.php?script=sci_issues&pid=1516-4446&lng=en&nrm=iso	Y	1809-452X																	1809-452X	1809-452X		Brazilian Journal of Psychiatry	1809-452X	No	2004-04-23T21:31:01Z	2004	yes
101307187	Brazilian oral research	Braz Oral Res	Brazil	São Paulo, SP	Sociedade Brasileira de Pesquisa Odontológica	2004		Quarterly	1807-3107	1806-8324	1806-8324	eng	Y	2004.0	Y	Y	IM	http://www.scielo.br/scielo.php?script=sci_issues&pid=1806-8324&lng=en&nrm=iso	Y	1807-3107																	1807-3107	1807-3107		Brazilian Oral Research	1807-3107	No	2005-03-24T10:52:01Z	2005	yes
8901573	Cadernos de saúde pública	Cad Saude Publica	Brazil	Rio De Janeiro	Escola Nacional De Saúde Pública, Fundação Oswaldo Cruz	1985		Monthly,	1678-4464	0102-311X	0102-311X	por	N	1998.0	Y	Y	IM	http://www.scielosp.org/scielo.php?script=sci_issues&pid=0102-311X&lng=en&nrm=iso	Y	1678-4464																	1678-4464	1678-4464		Cadernos de Saúde Pública	1678-4464	No	2004-04-23T21:31:00Z	2004	yes
101588850	Cancer biology & medicine	Cancer Biol Med	China	[Tianjin]	Chinese Anti-Cancer Association	2012				2095-3941	2095-3941	eng	N	2020.0	Y	Y	IM	http://www.cancerbiomed.org	Y	2095-3941																		2095-3941	2095-3941	Cancer Biology & Medicine	2095-3941	No	2019-02-25T09:25:10Z	2019	yes
101694651	Cancer treatment and research communications	Cancer Treat Res Commun	England	[London]	Elsevier	2016			2468-2942		2468-2942	eng	N	2018.0	Y	Y	IM	http://www.sciencedirect.com/science/journal/24682942	Y	2468-2942																	2468-2942	2468-2942		Cancer Treatment and Research Communications	2468-2942	No	2021-12-01T09:57:00Z	2021	yes
9113221	Cellular physiology and biochemistry : international journal of experimental cellular physiology, biochemistry, and pharmacology	Cell Physiol Biochem	Germany	Düsseldorf, Germany	Cell Physiol Biochem Press GmbH & Co KG	1991		Six no. a year	1421-9778	1015-8987	1015-8987	eng	N	1998.0	Y	Y	IM	http://www.karger.com/Journal/Home/224332	Y	1421-9778																	1421-9778	1421-9778		Cellular Physiology and Biochemistry	1421-9778	No	2002-05-01T20:13:31Z	2002	yes
7804502	The Chinese journal of physiology	Chin J Physiol	India	Mumbai	Wolters Kluwer - Medknow Publications	1960		Bimonthly,	2666-0059	0304-4920	0304-4920	eng	N	1972.0	Y	N	IM		Y	2666-0059																	2666-0059	2666-0059		Chinese Journal of Physiology	2666-0059	No	2021-04-15T11:08:35Z	2021	yes
0372736	Cirugía y cirujanos	Cir Cir	Mexico	[Mexico City]	Permanyer	1933		Bimonthly	2444-054X	0009-7411	0009-7411	spa	N	2003.0	Y	Y	IM	http://cirugiaycirujanos.com/	Y	2444-054X																	2444-054X	2444-054X		Cirugía y Cirujanos	2444-054X	No	2021-03-29T08:50:56Z	2021	yes
101586730	Clinical and molecular hepatology	Clin Mol Hepatol	Korea (South)	Seoul, Korea	Korean Association for the Study of the Liver	2012		Quarterly	2287-285X	2287-2728	2287-2728	eng	Y	2012.0	Y	Y	IM	http://www.e-cmh.org/articles/archive.php	Y	2287-285X																	2287-285X	2287-285X		Clinical and Molecular Hepatology	2287-285X	No	2017-07-28T10:54:36Z	2017	yes
101505087	Clinics in orthopedic surgery	Clin Orthop Surg	Korea (South)	Seoul	Korean Orthopaedic Association	2009		Quarterly	2005-4408	2005-291X	2005-291X	eng	N	2009.0	Y	Y	IM	http://www.ecios.org/	Y	2005-4408																	2005-4408	2005-4408		Clinics in Orthopedic Surgery	2005-4408	No	2018-04-30T09:56:47Z	2018	yes
101244734	Clinics (São Paulo, Brazil)	Clinics (Sao Paulo)	Brazil	São Paulo, SP	Hospital das Clínicas, Faculty of Medicine, University of São Paulo	2005		Continuously updated,	1980-5322	1807-5932	1807-5932	eng	Y	2005.0	Y	Y	IM	http://www.scielo.br/scielo.php?script=sci_issues&pid=1807-5932&lng=en&nrm=iso	Y	1980-5322																	1980-5322	1980-5322		Clinics	1980-5322	No	2005-03-24T09:26:29Z	2005	yes
101623246	CoDAS	Codas	Brazil	São Paulo	Sociedade Brasileira de Fonoaudiologia	2013		Continuously updated,	2317-1782		2317-1782	eng	Y	2013.0	Y	Y	IM	http://www.scielo.br/scielo.php?script=sci_serial&pid=2317-1782&lng=en&nrm=iso	Y	2317-1782																	2317-1782	2317-1782		CoDAS	2317-1782	No	2016-12-28T13:33:50Z	2016	yes
101277751	Computational and mathematical methods in medicine	Comput Math Methods Med	United States	New York	Hindawi	2006		Quarterly	1748-6718	1748-670X	1748-670X	eng	N	2010.0	Y	Y	IM	http://www.hindawi.com/journals/cmmm/contents/	Y	1748-6718																	1748-6718	1748-6718		Computational and Mathematical Methods in Medicine	1748-6718	Yes	2011-04-12T12:57:20Z	2011	yes
101532240	Dental press journal of orthodontics	Dental Press J Orthod	Brazil	Maringá	Dental Press International	2010		Annual	2177-6709	2176-9451	2176-9451	eng	N	2013.0	Y	Y	IM	http://www.scielo.br/scielo.php?script=sci_serial&pid=2176-9451&lng=en&nrm=iso	Y	2177-6709																	2177-6709	2177-6709		Dental Press Journal of Orthodontics	2177-6709	No	2010-11-09T15:10:25Z	2010	yes
9610776	Dermatology online journal	Dermatol Online J	United States	[Davis, Calif.]	University of California, Davis	1995		Monthly,	1087-2108		1087-2108	eng	N	1997.0	Y	Y	IM	http://dermatology.cdlib.org/	Y	1087-2108																	1087-2108	1087-2108		Dermatology Online Journal	1087-2108	No	2018-10-03T12:56:41Z	2018	yes
101556588	Diabetes & metabolism journal	Diabetes Metab J	Korea (South)	Seoul	Korean Diabetes Association	2011		Bimonthly	2233-6087	2233-6079	2233-6079	eng	N	2019.0	Y	Y	IM	https://e-dmj.org/index.php	Y	2233-6087																	2233-6087	2233-6087		Diabetes & Metabolism Journal	2233-6087	No	2016-03-07T14:34:28Z	2016	yes
7701817	Ear, nose, & throat journal	Ear Nose Throat J	United States	Thousand Oaks, CA	SAGE Publications	1976		Ten no. a year,	1942-7522	0145-5613	0145-5613	eng	N	1976.0	Y	Y	IM	https://journals.sagepub.com/home/eara	Y	1942-7522																	1942-7522	1942-7522		Ear, Nose & Throat Journal	1942-7522	No	2020-02-24T16:26:55Z	2020	yes
101281800	Einstein (São Paulo, Brazil)	Einstein (Sao Paulo)	Brazil	São Paulo, SP	Instituto de Ensino e Pesquisa Albert Einstein	2003		Quarterly	2317-6385	1679-4508	1679-4508	eng	N	2012.0	Y	Y	IM	http://www.scielo.br/scielo.php?script=sci_issues&pid=1679-4508&lng=en&nrm=iso	Y	2317-6385																	2317-6385	2317-6385		Einstein (São Paulo)	2317-6385	No	2017-05-02T21:13:06Z	2017	yes
9112018	Endocrine regulations	Endocr Regul	Germany	Berlin	Walter de Gruyter GmbH	1991		Quarterly	1336-0329	1210-0668	1210-0668	eng	N	1991.0	Y	Y	IM	https://sciendo.com/journal/enr	Y	1336-0329																	1336-0329	1336-0329		Endocrine Regulations	1336-0329	No	2017-04-28T17:25:19Z	2017	yes
101732442	Endocrinology, diabetes & metabolism	Endocrinol Diabetes Metab	England	[Oxford]	John Wiley & Sons Ltd.	2017			2398-9238		2398-9238	eng	N	2021.0	Y	Y	IM	https://onlinelibrary.wiley.com/journal/23989238	Y	2398-9238																	2398-9238	2398-9238		Endocrinology, Diabetes & Metabolism	2398-9238	No	2018-05-29T14:02:25Z	2018	yes
101554139	Endocrinology and metabolism (Seoul, Korea)	Endocrinol Metab (Seoul)	Korea (South)	Seoul	Korean Endocrine Society	2010		Bimonthly,	2093-5978	2093-596X	2093-596X	eng	N	2019.0	Y	Y	IM	https://www.e-enm.org/	Y	2093-5978																	2093-5978	2093-5978		Endocrinology and Metabolism	2093-5978	No	2016-09-28T11:50:22Z	2016	yes
0370674	Endokrynologia Polska	Endokrynol Pol	Poland	Gdańsk	Via Medica	1950		Bimonthly,	2299-8306	0423-104X	0423-104X	eng	N	1965.0	Y	Y	IM	http://www.endokrynologia.polska.viamedica.pl/	Y	2299-8306																	2299-8306	2299-8306		Endokrynologia Polska	2299-8306	No	2016-03-04T11:24:18Z	2016	yes
9609642	Environmental health and preventive medicine	Environ Health Prev Med	England	London	BioMed Central	1996		Bimonthly,	1347-4715	1342-078X	1342-078X	eng	N	2011.0	Y	Y	IM	https://link.springer.com/journal/12199	Y	1347-4715																	1347-4715	1347-4715		Environmental Health and Preventive Medicine	1347-4715	No	2018-04-23T08:30:40Z	2018	yes
101248287	Epidemiologia e serviços de saúde : revista do Sistema Unico de Saúde do Brasil	Epidemiol Serv Saude	Brazil	Brasília, DF	Secretaria de Vigilância em Saúde do Ministério da Saúde	2003		Quarterly	2237-9622	1679-4974	1679-4974	por	N	2016.0	Y	Y	IM	http://www.scielo.br/scielo.php?script=sci_issues&pid=2237-9622&lng=en&nrm=iso	Y	2237-9622																	2237-9622	2237-9622		Epidemiologia e Serviços de Saúde	2237-9622	No	2016-12-23T10:37:33Z	2016	yes
101224773	Ethiopian journal of health sciences	Ethiop J Health Sci	Ethiopia	Jimma, Ethiopia	Research and Publications Office of Jimma University	1998		Semiannual	2413-7170	1029-1857	1029-1857	eng	N	2013.0	Y	Y	IM	http://www.ncbi.nlm.nih.gov/pmc/journals/1611/	Y	2413-7170																	2413-7170	2413-7170		Ethiopian Journal of Health Sciences	2413-7170	No	2016-11-21T11:15:56Z	2016	yes
9717360	European review for medical and pharmacological sciences	Eur Rev Med Pharmacol Sci	Italy	Rome	Verduci	1997		Biweekly,	2284-0729	1128-3602	1128-3602	eng	Y	1997.0	Y	Y	IM	http://www.europeanreview.org/	Y	2284-0729																	2284-0729	2284-0729		European Review for Medical and Pharmacological Sciences	2284-0729	No	2021-08-05T14:34:35Z	2021	yes
8502651	Folia histochemica et cytobiologica	Folia Histochem Cytobiol	Poland	Gdańsk	Polish Histochemical and Cytochemical Society at VM Media	1984		Quarterly	1897-5631	0239-8508	0239-8508	eng	N	1984.0	Y	Y	IM	http://czasopisma.viamedica.pl/fhc/issue/archive	Y	1897-5631																	1897-5631	1897-5631		Folia Histochemica et Cytobiologica	1897-5631	No	2008-01-22T11:35:26Z	2008	yes
0010333	Gaceta médica de México	Gac Med Mex	Mexico	México	Unidad de Congresos del Centro Médico Nacional.	1864		Bimonthly		0016-3813	0016-3813	spa	N	1964.0	Y	Y	IM	https://www.gacetamedicademexico.com/	Y	0016-3813																		0016-3813	2696-1288	Gaceta Médica de México	2696-1288	No	2021-03-26T14:11:14Z	2021	yes
9607822	Genes & genetic systems	Genes Genet Syst	Japan	Mishima, Shizuoka, Japan	Genetics Society of Japan	1996		Bimonthly	1880-5779	1341-7568	1341-7568	eng	Y	1996.0	Y	Y	IM	https://www.jstage.jst.go.jp/browse/ggs	Y	1880-5779																	1880-5779	1880-5779		Genes & Genetic Systems	1880-5779	No	2021-03-02T11:40:13Z	2021	yes
0073210	Ghana medical journal	Ghana Med J	Ghana	Accra	Ghana Medical Association	1962		Quarterly	2616-163X	0016-9560	0016-9560	eng	N	1971.0	Y	Y	IM	http://preview.ncbi.nlm.nih.gov/pmc/journals/444/	Y	2616-163X																	2616-163X	2616-163X		Ghana Medical Journal	2616-163X	No	2019-04-23T20:14:44Z	2019	yes
101624414	Global health, science and practice	Glob Health Sci Pract	United States	Baltimore, MD	U.S. Agency for International Development and Johns Hopkins Bloomberg School of Public Health, Center for Communication Programs	2013		Quarterly	2169-575X		2169-575X	eng	N	2014.0	Y	Y	IM	http://www.ncbi.nlm.nih.gov/pmc/journals/2551/	Y	2169-575X																	2169-575X	2169-575X		Global Health: Science and Practice Journal	2169-575X	No	2013-10-25T16:17:40Z	2013	yes
101712185	Health literacy research and practice	Health Lit Res Pract	United States	Thorofare, NJ	Slack Incorporated	2017		Four issues a year	2474-8307	2475-6024	2474-8307	eng	N	2019.0	Y	Y	IM	https://www.healio.com/public-health/journals/hlrp	Y	2474-8307																	2474-8307	2474-8307		Health Literacy Research and Practice	2474-8307	No	2019-08-14T11:55:00Z	2019	yes
101648506	Health promotion and chronic disease prevention in Canada : research, policy and practice	Health Promot Chronic Dis Prev Can	Canada	Ottawa, Ontario	Public Health Agency of Canada = Agence de la santé publique du Canada	2015		Monthly	2368-738X		2368-738X	eng	Y	2015.0	Y	Y	IM	http://www.phac-aspc.gc.ca/publicat/cdic-mcc/index-eng.php	Y	2368-738X																	2368-738X	2368-738X		Health Promotion and Chronic Disease Prevention in Canada	2368-738X	No	2017-05-16T11:24:31Z	2017	yes
101468532	Hematology/oncology and stem cell therapy	Hematol Oncol Stem Cell Ther	England	Oxford	Elsevier	2008		Quarterly		1658-3876		eng	N	2008.0	Y	Y	IM	http://www.sciencedirect.com/science/journal/16583876	Y	1658-3876																		1658-3876	2589-0646	Hematology/Oncology and Stem Cell Therapy	2589-0646	No	2019-01-23T13:28:24Z	2019	yes
9513999	História, ciências, saúde--Manguinhos	Hist Cienc Saude Manguinhos	Brazil	Rio De Janeiro	Casa De Oswaldo Cruz	1994		Three no. a year	1678-4758	0104-5970	0104-5970	por	N	1994.0	Y	Y	QIS	http://www.scielo.br/scielo.php?script=sci_serial&pid=0104-5970&lng=en&nrm=iso	Y	1678-4758																	1678-4758	1678-4758		História, Ciências, Saúde: Manguinhos	1678-4758	No	2016-11-21T08:03:59Z	2016	yes
101202210	Human genomics	Hum Genomics	England	London	BioMed Central	2003		Quarterly,	1479-7364	1473-9542	1473-9542	eng	N	2003.0	Y	Y	IM	http://www.humgenomics.com/	Y	1479-7364																	1479-7364	1479-7364		Human Genomics	1479-7364	No	2012-09-21T10:53:32Z	2012	yes
101158091	International braz j urol : official journal of the Brazilian Society of Urology	Int Braz J Urol	Brazil	Rio de Janerio, RJ, Brazil	Brazilian Society of Urology	2002		Bimonthly	1677-6119	1677-5538	1677-5538	eng	N	2004.0	Y	Y	IM	http://www.intbrazjurol.com.br/	Y	1677-6119																	1677-6119	1677-6119		International Brazilian Journal of Urology	1677-6119	No	2004-04-23T21:31:00Z	2004	yes
100958373	International maritime health	Int Marit Health	Poland	Gdańsk	Via Medica Media sp. zo.o. VM	1999		Quarterly	2081-3252	1641-9251	1641-9251	eng	Y	1999.0	Y	Y	IM	http://www.intmarhealth.pl/	Y	2081-3252																	2081-3252	2081-3252		International Maritime Health	2081-3252	No	2016-02-03T15:01:06Z	2016	yes
9108180	Investigación y educación en enfermería	Invest Educ Enferm	Colombia	Medelin	Facultad de Enfermería de la Universidad de Antioquia	1983		Three issues per year,	2216-0280	0120-5307	0120-5307	eng	N	2014.0	Y	Y	IM	http://aprendeenlinea.udea.edu.co/revistas/index.php/iee/index	Y	2216-0280																	2216-0280	2216-0280		Investigación y Educación en Enfermería	2216-0280	No	2017-07-14T09:37:55Z	2017	yes
101674989	Investigative and clinical urology	Investig Clin Urol	Korea (South)	Seoul	Korean Urological Association	2016		Bimonthly	2466-054X	2466-0493	2466-0493	eng	Y	2016.0	Y	Y	IM	http://www.ncbi.nlm.nih.gov/pmc/journals/1216/	Y	2466-054X																	2466-054X	2466-054X		Investigative and Clinical Urology	2466-054X	No	2017-08-29T11:31:41Z	2017	yes
9814853	Iranian biomedical journal	Iran Biomed J	Iran	Tehran	Pasteur Institute of Iran	1997		Bimonthly	2008-823X	1028-852X	1028-852X	eng	N	2007.0	Y	Y	IM	http://ibj.pasteur.ac.ir/browse.php?slc_lang=en&slc_sid=1&slct_pg_id=120	Y	2008-823X																	2008-823X	2008-823X		Iranian Biomedical Journal	2008-823X	No	2020-01-09T10:17:51Z	2020	yes
101282932	Iranian journal of immunology : IJI	Iran J Immunol	Iran	Shīrāz	Iranian Society for Immunology & Allergy in association with Shīrāz Institute for Cancer Research	2004		Quarterly	1735-367X	1735-1383	1735-1383	eng	N	2007.0	Y	Y	IM	http://iji.sums.ac.ir/browse?_action=issue	Y	1735-367X																	1735-367X	1735-367X		Iranian Journal of Immunology	1735-367X	No	2019-06-27T22:02:27Z	2019	yes
8104374	Iranian journal of medical sciences	Iran J Med Sci	Iran	Shiraz, Iran	Shiraz University of Medical Sciences	1979		Bimonthly	1735-3688	0253-0716	0253-0716	eng	N	2021.0	Y	Y	IM	http://ijms.sums.ac.ir	Y	1735-3688																	1735-3688	1735-3688		Iranian Journal of Medical Sciences	1735-3688	No	2010-03-17T14:11:33Z	2010	yes
101221755	Journal of applied biomedicine	J Appl Biomed	Poland	Wroclaw	Elsevier Sp z.o.o.	2003		Four times a year	1214-0287	1214-021X	1214-021X	eng	N	2020.0	Y	Y	IM	https://jab.zsf.jcu.cz/	Y	1214-0287																	1214-0287	1214-0287		Journal of Applied Biomedicine	1214-0287	No	2020-01-14T10:55:49Z	2020	yes
9426946	Jornal brasileiro de nefrologia : ʹorgão oficial de Sociedades Brasileira e Latino-Americana de Nefrologia	J Bras Nefrol	Brazil	São Paulo	Sociedade Brasileira de Nefrologia	1979		Quarterly	2175-8239	0101-2800	0101-2800	eng	N	2010.0	Y	Y	IM	http://www.scielo.br/scielo.php?script=sci_issues&pid=0101-2800&lng=en&nrm=iso	Y	2175-8239																	2175-8239	2175-8239		Brazilian Journal of Nephrology	2175-8239	No	2010-11-12T13:20:44Z	2010	yes
101222274	Jornal brasileiro de pneumologia : publicaça̋o oficial da Sociedade Brasileira de Pneumologia e Tisilogia	J Bras Pneumol	Brazil	Brasilia, DF, Brasil	Sociedade Brasileira de Pneumologia e Tisilogia	2004		Bimonthly,	1806-3756	1806-3713	1806-3713	por	N	2006.0	Y	Y	IM	http://www.jornaldepneumologia.com.br/previous-numbers	Y	1806-3756																	1806-3756	1806-3756		Jornal Brasileiro de Pneumologia	1806-3756	No	2005-03-23T16:07:49Z	2005	yes
101141257	Journal of clinical and experimental hematopathology : JCEH	J Clin Exp Hematop	Japan	Nagoya-shi	Nihon Rinpa Mōnaikei Gakkai	2001		Semiannual	1880-9952	1346-4280	1346-4280	eng	N	2006.0	Y	Y	IM	http://www.jstage.jst.go.jp/browse/jslrt/	Y	1880-9952																	1880-9952	1880-9952		Journal of Clinical and Experimental Hematopathology	1880-9952	No	2021-03-29T14:56:06Z	2021	yes
101519456	Journal of clinical research in pediatric endocrinology	J Clin Res Pediatr Endocrinol	Turkey	Istanbul	Galenos Yayınevi	2008		Quarterly	1308-5735	1308-5727		eng	N	2008.0	Y	Y	IM	http://www.jcrpe.org/archive/	Y	1308-5735																	1308-5735	1308-5735		JCRPE	1308-5735	No	2019-03-21T11:24:32Z	2019	yes
101592084	Journal of epidemiology and global health	J Epidemiol Glob Health	Switzerland	[Cham]	Springer	2011		Quarterly	2210-6014	2210-6006	2210-6006	eng	N	2011.0	Y	Y	IM	https://www.atlantis-press.com/journals/jegh	Y	2210-6014																	2210-6014	2210-6014		Journal of Epidemiology and Global Health	2210-6014	No	2018-02-22T15:11:30Z	2018	yes
101630927	Journal of food and drug analysis	J Food Drug Anal	China (Republic : 1949- )	[Taipei City, Taiwan, R.O.C.]	Elsevier	2013		Quarterly		1021-9498		eng	N	2014.0	Y	Y	IM	http://www.sciencedirect.com/science/journal/10219498	Y	1021-9498																		1021-9498	1021-9498	Journal of Food and Drug Analysis	1021-9498	No	2016-04-21T16:06:14Z	2016	yes
101483150	Journal of gynecologic oncology	J Gynecol Oncol	Korea (South)	Seoul	Asian Society of Gynecologic Oncology	2008		Quarterly	2005-0399	2005-0380	2005-0380	eng	N	2014.0	Y	Y	IM	http://www.ejgo.org/index.php?body=archive	Y	2005-0399																	2005-0399	2005-0399		Journal of Gynecologic Oncology	2005-0399	No	2021-11-04T14:44:14Z	2021	yes
101305410	Journal of infection in developing countries	J Infect Dev Ctries	Italy	[Italy?]	Open Learning on Enteric Pathogens	2007			1972-2680	2036-6590	1972-2680	eng	N	2007.0	Y	Y	IM	http://www.jidc.org/	Y	1972-2680																	1972-2680	1972-2680		Journal of Infection in Developing Countries	1972-2680	No	2019-04-16T12:44:29Z	2019	yes
101535747	Journal of injury & violence research	J Inj Violence Res	Iran	Kermanshah	Kermanshah University of Medical Sciences	2009		Semiannual	2008-4072	2008-2053	2008-2053	eng	N	2009.0	Y	Y	IM	http://jivresearch.org/jivr/index.php/jivr/issue/archive	Y	2008-4072																	2008-4072	2008-4072		Journal of Injury and Violence Research	2008-4072	No	2018-04-22T22:14:58Z	2018	yes
101522982	The journal of international advanced otology	J Int Adv Otol	Turkey	İstanbul	AVES	2009		Three times a year.	2148-3817	1308-7649	1308-7649	eng	N	2015.0	Y	Y	IM	http://www.advancedotology.org/	Y	2148-3817																	2148-3817	2148-3817		Journal of International Advanced Otology	2148-3817	No	2019-09-13T06:52:10Z	2019	yes
101152208	Journal of nanobiotechnology	J Nanobiotechnology	England	London	BioMed Central	2003			1477-3155		1477-3155	eng	N	2011.0	Y	Y	IM	http://www.jnanobiotechnology.com/	Y	1477-3155																	1477-3155	1477-3155		Journal of Nanobiotechnology	1477-3155	No	2003-06-26T00:00:00Z	2003	yes
101292936	Journal of Nepal Health Research Council	J Nepal Health Res Counc	Nepal	Kathmandu	Nepal Health Research Council	2002		Semiannual	1999-6217	1727-5482	1727-5482	eng	N	2010.0	Y	Y	IM	http://jnhrc.com.np/index.php/jnhrc/issue/archive	Y	1999-6217																	1999-6217	1999-6217		Journal of Nepal Health Research Council	1999-6217	No	2021-02-26T13:02:26Z	2021	yes
101175339	Journal of oleo science	J Oleo Sci	Japan	Tokyo	Japan Oil Chemists' Society	2001		Monthly	1347-3352	1345-8957	1345-8957	eng	N	2007.0	Y	Y	IM	http://www.jstage.jst.go.jp/browse/jos	Y	1347-3352																	1347-3352	1347-3352		Journal of Oleo Science	1347-3352	No	2021-04-06T13:36:33Z	2021	yes
101265112	Journal of orthopaedic surgery and research	J Orthop Surg Res	England	London	BioMed Central	2006			1749-799X		1749-799X	eng	N	2011.0	Y	Y	IM	http://www.josr-online.com/	Y	1749-799X																	1749-799X	1749-799X		Journal of Orthopaedic Surgery and Research	1749-799X	No	2006-09-28T09:47:08Z	2006	yes
101479544	Journal of otolaryngology - head & neck surgery = Le Journal d'oto-rhino-laryngologie et de chirurgie cervico-faciale	J Otolaryngol Head Neck Surg	England	London	BioMed Central	2008		Bimonthly	1916-0216	1916-0208	1916-0208	eng	Y	2008.0	Y	Y	IM	http://www.journalotohns.com/archive	Y	1916-0216																	1916-0216	1916-0216		Journal of Otolaryngology - Head and Neck Surgery	1916-0216	Yes	2013-09-23T15:43:13Z	2013	yes
101474849	Journal of ovarian research	J Ovarian Res	England	[London]	BioMed Central	2008			1757-2215		1757-2215	eng	N	2014.0	Y	Y	IM	http://www.ovarianresearch.com/	Y	1757-2215																	1757-2215	1757-2215		Journal of Ovarian Research	1757-2215	Yes	2010-11-30T15:24:13Z	2010	yes
2985188R	Jornal de pediatria	J Pediatr (Rio J)	Brazil	Rio de Janeiro, Brazil	Elsevier Editora Ltda	1934		Bimonthly	1678-4782	0021-7557	0021-7557	eng	N	2003.0	Y	Y	IM	http://www.scielo.br/scielo.php?script=sci_issues&pid=0021-7557&lng=en&nrm=iso	Y	1678-4782																	1678-4782	1678-4782		Jornal de Pediatria	1678-4782	No	2004-04-23T21:31:00Z	2004	yes
101269653	Journal of physiological anthropology	J Physiol Anthropol	England	London	BioMed Central	2006		Bimonthly	1880-6805	1880-6791	1880-6791	eng	Y	2006.0	Y	Y	IM	http://www.jphysiolanthropol.com/	Y	1880-6805																	1880-6805	1880-6805		Journal of Physiological Anthropology	1880-6805	No	2012-09-21T11:39:53Z	2012	yes
101242972	Journal of preventive medicine and public health = Yebang Ŭihakhoe chi	J Prev Med Public Health	Korea (South)	Seoul, Korea	Korean Society for Preventive Medicine	2004		Bimonthly,	2233-4521	1975-8375	1975-8375	eng	N	2005.0	Y	Y	IM	http://jpmph.org/	Y	2233-4521																	2233-4521	2233-4521		Journal of Preventive Medicine and Public Health	2233-4521	No	2017-06-29T16:06:13Z	2017	yes
101494925	Journal of radiology case reports	J Radiol Case Rep	United States	Cleveland Heights, Ohio	EduRad Publishing	2007		Monthly,	1943-0922		1943-0922	eng	N	2010.0	Y	Y	IM	http://www.ncbi.nlm.nih.gov/pmc/journals/1747/	Y	1943-0922																	1943-0922	1943-0922		Journal of Radiology Case Reports	1943-0922	No	2009-02-04T13:34:03Z	2009	yes
9438792	The Journal of reproduction and development	J Reprod Dev	Japan	Tokyo	Japanese Society of Animal Reproduction	1992		Six no. a year	1348-4400	0916-8818	0916-8818	eng	N	2003.0	Y	Y	IM	http://www.jstage.jst.go.jp/browse/jrd/	Y	1348-4400																	1348-4400	1348-4400		The Journal of Reproduction and Development	1348-4400	No	2021-03-29T15:00:28Z	2021	yes
7503122	Journal of the South African Veterinary Association	J S Afr Vet Assoc	South Africa	Cape Town, South Africa	AOSIS	1972		Quarterly	2224-9435	1019-9128	1019-9128	eng	N	1972.0	Y	Y	IM	http://www.jsava.co.za/	Y	2224-9435																	2224-9435	2224-9435		Journal of the South African Veterinary Association	2224-9435	No	2012-05-21T11:35:50Z	2012	yes
101174629	Journal of sports science & medicine	J Sports Sci Med	Turkey	Bursa, Turkey	Dept. of Sports Medicine, Medical Faculty of Uludag University	2002		Quarterly	1303-2968		1303-2968	eng	N	2018.0	Y	Y	IM	http://www.ncbi.nlm.nih.gov/pmc/journals/2019/	Y	1303-2968																		1303-2968	1303-2968	Journal of Sports Science and Medicine	1303-2968	No	2003-11-05T00:00:00Z	2003	yes
100964185	Journal of veterinary science	J Vet Sci	Korea (South)	Seoul	Korean Society of Veterinary Science	2000		Bimonthly,	1976-555X	1229-845X	1229-845X	eng	N	2000.0	Y	Y	IM	http://www.vetsci.org	Y	1976-555X																	1976-555X	1976-555X		Journal of Veterinary Science	1976-555X	No	2018-01-24T11:34:29Z	2018	yes
101760170	JCO global oncology	JCO Glob Oncol	United States	Alexandria, VA	American Society of Clinical Oncology	2019		Annual	2687-8941		2687-8941	eng	Y	2020.0	Y	Y	IM		Y	2687-8941																	2687-8941	2687-8941		JCO Global Oncology	2687-8941	No	2021-01-21T14:34:57Z	2021	yes
0045233	JNMA; journal of the Nepal Medical Association	JNMA J Nepal Med Assoc	Nepal	Kathmandu	Nepal Medical Association	1963		Quarterly	1815-672X	0028-2715	0028-2715	eng	N	2005.0	Y	Y	IM	http://www.jnma.com.np/	Y	1815-672X																	1815-672X	1815-672X		Journal of Nepal Medical Association	1815-672X	No	2017-02-10T14:56:41Z	2017	yes
101502451	Korean journal of anesthesiology	Korean J Anesthesiol	Korea (South)	Seoul	Korean Society of Anesthesiologists	2009		Monthly	2005-7563	2005-6419	2005-6419	eng	N	2018.0	Y	Y	IM	https://www.ncbi.nlm.nih.gov/pmc/journals/1237/	Y	2005-7563																	2005-7563	2005-7563		Korean Journal of Anesthesiology	2005-7563	No	2017-09-15T10:58:41Z	2017	yes
101189416	The Korean journal of gastroenterology = Taehan Sohwagi Hakhoe chi	Korean J Gastroenterol	Korea (South)	Seoul, Korea	Korean Society of Gastroenterology	2003		Monthly	2233-6869	1598-9992	1598-9992	kor	N	2003.0	Y	Y	IM	http://synapse.koreamed.org/search.php?where=jvolume&id=28&code=0028KJG	Y	2233-6869																	2233-6869	2233-6869		The Korean Journal of Gastroenterology	2233-6869	No	2019-02-20T15:32:41Z	2019	yes
8712418	The Korean journal of internal medicine	Korean J Intern Med	Korea (South)	[Seoul]	Korean Association of Internal Medicine	1986		Quarterly,	2005-6648	1226-3303	1226-3303	eng	N	1986.0	Y	Y	IM	http://preview.ncbi.nlm.nih.gov/pmc/journals/904/	Y	2005-6648																	2005-6648	2005-6648		The Korean Journal of Internal Medicine	2005-6648	No	2019-08-19T07:50:03Z	2019	yes
101503071	Korean journal of medical education	Korean J Med Educ	Korea (South)	Seoul	Korean Society of Medical Education	2009		Quarterly	2005-7288	2005-727X	2005-727X	eng	N	2015.0	Y	Y	IM	http://kjme.kr	Y	2005-7288																	2005-7288	2005-7288		Korean Journal of Medical Education	2005-7288	No	2016-11-22T17:21:29Z	2016	yes
8804513	Korean journal of ophthalmology : KJO	Korean J Ophthalmol	Korea (South)	Seoul, Korea	KJO	1987		Semiannual	2092-9382	1011-8942	1011-8942	eng	N	1987.0	Y	Y	IM	http://preview.ncbi.nlm.nih.gov/pmc/journals/779/	Y	2092-9382																	2092-9382	2092-9382		Korean Journal of Ophthalmology	2092-9382	No	2021-11-04T14:33:52Z	2021	yes
101728869	Life science alliance	Life Sci Alliance	United States	[Woodbury, NY]	Life Science Alliance, LLC	2017		Monthly	2575-1077		2575-1077	eng	N	2019.0	Y	Y	IM	http://www.life-science-alliance.org	Y	2575-1077																	2575-1077	2575-1077		Life Science Alliance	2575-1077	No	2019-01-15T15:37:28Z	2019	yes
101153368	Magnetic resonance in medical sciences : MRMS : an official journal of Japan Society of Magnetic Resonance in Medicine	Magn Reson Med Sci	Japan	Tōkyō	Japan Society of Magnetic Resonance in Medicine	2002		Quarterly	1880-2206	1347-3182	1347-3182	eng	N	2002.0	Y	Y	IM	http://www.jstage.jst.go.jp/browse/mrms/	Y	1880-2206																	1880-2206	1880-2206		Magnetic Resonance in Medical Sciences	1880-2206	No	2022-09-15T12:07:40Z	2022	yes
9500170	Malawi medical journal : the journal of Medical Association of Malawi	Malawi Med J	Malawi	Lilongwe, Malawi	Published by Montfort Press for the Medical Association of Malawi	1990		Quarterly	1995-7270	1995-7262	1995-7262	eng	N	2008.0	Y	Y	IM	http://preview.ncbi.nlm.nih.gov/pmc/journals/875/	Y	1995-7270																	1995-7270	1995-7270		Malawi Medical Journal	1995-7270	No	2019-03-13T16:27:08Z	2019	yes
101250177	Medicinski glasnik : official publication of the Medical Association of Zenica-Doboj Canton, Bosnia and Herzegovina	Med Glas (Zenica)	Bosnia and Herzegovina	Zenica	Medical Association of Zenica-Doboj Canton	2004		Two no. a year	1840-2445	1840-0132	1840-0132	bos	N	2010.0	Y	Y	IM	http://ljkzedo.ba/wordpress/medicinski-glasnik/	Y	1840-2445																	1840-2445	1840-2445		Medicinski Glasnik	1840-2445	No	2007-04-19T13:44:37Z	2007	yes
101714390	MedEdPORTAL : the journal of teaching and learning resources	MedEdPORTAL	United States	Washington, DC	Association of American Medical Colleges	2005			2374-8265		2374-8265	eng	N	2018.0	Y	Y	IM	https://www.mededportal.org/	Y	2374-8265																	2374-8265	2374-8265		MedEdPORTAL	2374-8265	No	2021-05-13T14:07:59Z	2021	yes
101581949	Medwave	Medwave	Chile	Santiago, Chile	Medwave Estudios Limitada	2001		Monthly	0717-6384		0717-6384	eng	N	2014.0	Y	Y	IM	http://www.medwave.cl	Y	0717-6384																	0717-6384	0717-6384		Medwave	0717-6384	No	2013-01-15T10:10:07Z	2013	yes
9605351	Molecular vision	Mol Vis	United States	Atlanta Ga	Molecular Vision	1995		Updated continuously	1090-0535		1090-0535	eng	N	1995.0	Y	Y	IM	http://preview.ncbi.nlm.nih.gov/pmc/journals/533/	Y	1090-0535																	1090-0535	1090-0535		Molecular Vision	1090-0535	No	2019-03-11T20:27:53Z	2019	yes
9307314	Monaldi archives for chest disease = Archivio Monaldi per le malattie del torace	Monaldi Arch Chest Dis	Italy	Pavia	Fondazione clinica del lavoro edizioni : Distributed by PI-ME tipographia	1993		Bimonthly		1122-0643	1122-0643	eng	Y	1993.0	Y	Y	IM	http://www.monaldi-archives.org/index.php/macd/about	Y	1122-0643																		1122-0643	2532-5264	Monaldi Archives for Chest Disease	2532-5264	No	2019-02-15T15:38:02Z	2019	yes
101778581	Nefrología	Nefrologia (Engl Ed)	Spain	[Madrid, Spain]	Elsevier España, Place of publication not identified	200u		Bimonthly	2013-2514		2013-2514	eng	N	2018.0	Y	Y	IM	https://www.sciencedirect.com/journal/nefrologia-english-edition	Y	2013-2514																	2013-2514	2013-2514		Nefrología (English Edition)	2013-2514	No	2017-08-17T12:22:58Z	2017	yes
101505288	Nepalese journal of ophthalmology : a biannual peer-reviewed academic journal of the Nepal Ophthalmic Society : NEPJOPH	Nepal J Ophthalmol	Nepal	Kathmandu	Nepal Ophthalmic Society	2009		Semiannual	2091-0320	2072-6805	2072-6805	eng	N	2009.0	Y	Y	IM	http://www.nepjoph.org.np/	Y	2091-0320																	2091-0320	2091-0320		Nepalese Journal of Ophthalmology	2091-0320	No	2011-02-21T10:23:18Z	2011	yes
0400775	Neurologia medico-chirurgica	Neurol Med Chir (Tokyo)	Japan	Tokyo	Japan Neurosurgical Society.	1959		Monthly	1349-8029	0470-8105	0470-8105	eng	N	1964.0	Y	Y	IM	https://www.jstage.jst.go.jp/browse/nmc/	Y	1349-8029																	1349-8029	1349-8029		Neurologia Medico-Chirurgica	1349-8029	No	2021-08-09T16:18:03Z	2021	yes
101134359	Neuro-Signals	Neurosignals	Switzerland	Düsseldorf	Cell Physiol Biochem Press GmbH & Co KG	2002		Four no. a year,	1424-8638	1424-862X	1424-862X	eng	Y	2002.0	Y	Y	IM	http://www.karger.com/nsg	Y	1424-8638																	1424-8638	1424-8638		Neurosignals	1424-8638	No	2006-08-16T16:32:13Z	2006	yes
100886103	Nuclear medicine review. Central & Eastern Europe	Nucl Med Rev Cent East Eur	Poland	Gdańsk, Poland	Via Medica	1998		Two no. a year	1644-4345	1506-9680	1506-9680	eng	N	2003.0	Y	Y	IM	http://czasopisma.viamedica.pl/nmr/issue/archive	Y	1644-4345																	1644-4345	1644-4345		Nuclear Medicine Review	1644-4345	No	2016-01-28T13:24:34Z	2016	yes
101653182	Open veterinary journal	Open Vet J	Libya	Tripoli, Libya	Faculty of Veterinary Medicine, University of Tripoli	2011		Two no. a year,	2218-6050	2226-4485	2218-6050	eng	N	2019.0	Y	Y	IM	https://www.openveterinaryjournal.com/	Y	2218-6050																	2218-6050	2218-6050		Open Veterinary Journal	2218-6050	No	2011-09-07T15:22:49Z	2011	yes
101517926	The Pan African medical journal	Pan Afr Med J	Uganda	Kampala, Uganda	African Field Epidemiology Network	2008			1937-8688			eng	N	2010.0	Y	Y	IM	http://preview.ncbi.nlm.nih.gov/pmc/journals/1327/	Y	1937-8688																	1937-8688	1937-8688		The Pan African Medical Journal	1937-8688	No	2022-02-03T14:59:56Z	2022	yes
9112413	Physiological research	Physiol Res	Czech Republic	Praha	Published for the Institute of Physiology of the Czechoslovak Academy of Sciences by Academia, Pub. House of the Academy	1991		Six no. a year	1802-9973	0862-8408	0862-8408	eng	N	1991.0	Y	Y	IM	http://www.biomed.cas.cz/physiolres/	Y	1802-9973																	1802-9973	1802-9973		Physiological Research	1802-9973	No	2019-03-17T19:39:41Z	2019	yes
101769147	Plant communications	Plant Commun	China	[Shanghai]	Published by the Plant Communications Shanghai Office in association with Cell Press, an imprint of Elsevier Inc.	2019			2590-3462		2590-3462	eng	N	2020.0	Y	Y	IM	https://www.sciencedirect.com/journal/plant-communications	Y	2590-3462																	2590-3462	2590-3462		Plant Communications	2590-3462	No	2020-05-18T11:00:36Z	2020	yes
101229003	Polish journal of microbiology	Pol J Microbiol	Poland	Warsaw, Poland	Polskie Towarzystwo Mikrobiologów	2004		Quarterly	2544-4646	1733-1331	1733-1331	eng	Y	2004.0	Y	Y	IM	http://www.pjmonline.org/	Y	2544-4646																	2544-4646	2544-4646		Polish Journal of Microbiology	2544-4646	No	2018-07-04T21:07:00Z	2018	yes
101648133	Public health research & practice	Public Health Res Pract	Australia	Ultimo, NSW	Sax Institute	2014		Quarterly	2204-2091		2204-2091	eng	Y	2014.0	Y	Y	IM	http://www.phrp.com.au/issue/past-issues/	Y	2204-2091																	2204-2091	2204-2091		Public Health Research & Practice	2204-2091	No	2016-02-08T14:35:59Z	2016	yes
9317213	Radiology and oncology	Radiol Oncol	Poland	[Warsaw, Poland]	Sciendo	1992		Quarterly	1581-3207	1318-2099	1318-2099	eng	N	2018.0	Y	Y	IM	https://content.sciendo.com/view/journals/raon/raon-overview.xml	Y	1581-3207																	1581-3207	1581-3207		Radiology and Oncology	1581-3207	No	2008-12-18T11:22:13Z	2008	yes
0401302	Reumatismo	Reumatismo	Italy	Pavia, Italy	PagePress	1949		Four no. a year		0048-7449	0048-7449	ita	N	1965.0	Y	Y	IM	http://www.reumatismo.org/index.php/reuma/issue/archive	Y	0048-7449																		0048-7449	2240-2683	Reumatismo	2240-2683	No	2012-10-03T13:42:12Z	2012	yes
9438824	Revista alergia Mexico (Tecamachalco, Puebla, Mexico : 1993)	Rev Alerg Mex	Mexico	Tecamachalco	Sociedad Mexicana De Alergia E Immunologia	1993		Bimonthly		0002-5151	0002-5151	spa	Y	1993.0	Y	Y	IM	http://revistaalergia.mx	Y	0002-5151																		0002-5151	2448-9190	Revista Alergia México	2448-9190	No	2018-04-14T13:57:59Z	2018	yes
8002834	Revista Argentina de microbiología	Rev Argent Microbiol	Argentina	Buenos Aires	Asociación Argentina de Microbiología.	1979		Four no. a year		0325-7541	0325-7541	spa	N	1979.0	Y	Y	IM	http://www.sciencedirect.com/science/journal/03257541	Y	0325-7541																		0325-7541	1851-7617	Revista Argentina de Microbiología	1851-7617	No	2017-06-16T13:52:44Z	2017	yes
7910105	Revista brasileira de enfermagem	Rev Bras Enferm	Brazil	Brasilia	Associacao Brasileira de Enfermagem	1955		Bimonthly,	1984-0446	0034-7167	0034-7167	por	N	1965.0	Y	Y	N	http://www.scielo.br/scielo.php?script=sci_issues&pid=0034-7167&lng=en&nrm=iso	Y	1984-0446																	1984-0446	1984-0446		Revista Brasileira de Enfermagem	1984-0446	No	2007-11-15T14:10:14Z	2007	yes
100954576	Revista brasileira de epidemiologia = Brazilian journal of epidemiology	Rev Bras Epidemiol	Brazil	São Paulo, SP, Brasil	Associação Brasileira de Pós-Graduação em Saúde Coletiva	1998		Three times a year	1980-5497	1415-790X	1415-790X	eng	N	2010.0	Y	Y	IM	http://www.scielo.br/scielo.php/script_sci_serial/pid_1415-790X/lng_en/nrm_iso/lng_en	Y	1980-5497																	1980-5497	1980-5497		Revista Brasileira de Epidemiologia	1980-5497	No	2005-03-23T14:48:52Z	2005	yes
9440482	Revista brasileira de parasitologia veterinária = Brazilian journal of veterinary parasitology : Órgão Oficial do Colégio Brasileiro de Parasitologia Veterinária	Rev Bras Parasitol Vet	Brazil	São Paulo, Brasil	Colégio Brasileiro de Parasitologia Veterinária	1992		Quarterly,	1984-2961	0103-846X	0103-846X	eng	N	2005.0	Y	Y	IM	http://www.scielo.br/scielo.php?script=sci_serial&pid=1984-2961&lng=en&nrm=iso	Y	1984-2961																	1984-2961	1984-2961		Revista Brasileira de Parasitologia Veterinária	1984-2961	No	2010-11-11T15:40:13Z	2010	yes
9506692	Revista Brasileira de terapia intensiva	Rev Bras Ter Intensiva	Brazil	[Rio de Janeiro]	Associação de Medicina Intensiva Brasileira	1989		Quarterly	1982-4335	0103-507X	0103-507X	por	N	2013.0	Y	Y	IM	http://www.scielo.br/rbti	Y	1982-4335																	1982-4335	1982-4335		Revista Brasileira de Terapia Intensiva	1982-4335	No	2009-11-02T14:13:15Z	2009	yes
7809515	Revista do Colégio Brasileiro de Cirurgiões	Rev Col Bras Cir	Brazil	Rio de Janeiro	Colégio Brasileiro de Cirurgiões	1974		Bimonthly	1809-4546	0100-6991	0100-6991	eng	N	2009.0	Y	Y	IM	http://www.scielo.br/scielo.php/script_sci_serial/pid_0100-6991/lng_en/nrm_iso	Y	1809-4546																	1809-4546	1809-4546		Revista do Colégio Brasileiro de Cirurgiões	1809-4546	No	2005-11-30T15:48:39Z	2005	yes
0404263	Revista colombiana de obstetricia y ginecología	Rev Colomb Obstet Ginecol	Colombia	Bogota	Sociedad Colombiana De Obstetricia Y Ginecologia	1950		Quarterly	2463-0225	0034-7434	0034-7434	spa	N	1965.0	Y	Y	IM	https://revista.fecolsog.org	Y	2463-0225																	2463-0225	2463-0225		Revista Colombiana de Obstetricia y Ginecología	2463-0225	No	2019-12-03T16:37:51Z	2019	yes
9007566	Revista española de enfermedades digestivas : organo oficial de la Sociedad Española de Patología Digestiva	Rev Esp Enferm Dig	Spain	Madrid	Aran Ediciones	1990		Monthly		1130-0108	1130-0108	eng	N	1990.0	Y	Y	IM	http://www.reed.es/	Y	1130-0108																		1130-0108	1130-0108	Revista Espanola de Enfermedades Digestivas	1130-0108	No	2004-10-08T10:20:15Z	2004	yes
101284897	Revista española de sanidad penitenciaria	Rev Esp Sanid Penit	Spain	Zaragoza	Cometa	1998		Three no. a year	2013-6463	1575-0620	1575-0620	eng	N	2011.0	Y	Y	IM	http://www.resp.es/index.html	Y	2013-6463																	2013-6463	2013-6463		Revista Española de Sanidad Penitenciaria	2013-6463	No	2008-04-15T13:53:35Z	2008	yes
101778603	Revista de gastroenterología de México (English)	Rev Gastroenterol Mex (Engl Ed)	Mexico	[México]	Masson Doyma México, S.A	2005		Quarterly	2255-534X		2255-534X	eng	N	2018.0	Y	Y	IM	https://www.sciencedirect.com/journal/revista-de-gastroenterologia-de-mexico-english-edition	Y	2255-534X																	2255-534X	2255-534X		Revista de Gastroenterología de México (English Edition)	2255-534X	No	2017-08-18T11:57:52Z	2017	yes
8504882	Revista gaúcha de enfermagem	Rev Gaucha Enferm	Brazil	Porto Alegre	Escola de Enfermagem da Universidade Federal do Rio Grande e do Sul	1979		Two no. a year	1983-1447	0102-6933	0102-6933	por	N	1984.0	Y	Y	N	http://www.seer.ufrgs.br/index.php/RevistaGauchadeEnfermagem	Y	1983-1447																	1983-1447	1983-1447		Revista Gaúcha de Enfermagem	1983-1447	No	2011-04-29T11:11:04Z	2011	yes
9421552	Revista de investigación clínica; organo del Hospital de Enfermedades de la Nutrición	Rev Invest Clin	Mexico	Barcelona	Permanyer	1948		Bimonthly		0034-8376	0034-8376	eng	N	1965.0	Y	Y	IM	http://clinicalandtranslationalinvestigation.com/	Y	0034-8376																		0034-8376	2564-8896	Revista de Investigación Clínica	2564-8896	No	2021-03-26T14:01:05Z	2021	yes
9420934	Revista latino-americana de enfermagem	Rev Lat Am Enfermagem	Brazil	São Paulo	Escola de Enfermagem de Ribeirão Preto, Universidade de São Paulo	1993		Continuous numbering,	1518-8345	0104-1169	0104-1169	eng	N	1993.0	Y	Y	N	http://www.scielo.br/scielo.php?script=sci_issues&pid=0104-1169&lng=en&nrm=iso	Y	1518-8345																	1518-8345	1518-8345		Revista Latino-Americana de Enfermagem	1518-8345	No	2004-04-23T21:31:01Z	2004	yes
9109353	Revista paulista de pediatria : orgão oficial da Sociedade de Pediatria de São Paulo	Rev Paul Pediatr	Brazil	Sao Paulo	Sociedade De Pediatria De Sao Paulo	1983		Quarterly	1984-0462	0103-0582	0103-0582	por	N	2013.0	Y	Y	IM	http://www.scielo.br/scielo.php?script=sci_serial&pid=0103-0582&lng=en&nrm=iso	Y	1984-0462																	1984-0462	1984-0462		Revista Paulista de Pediatria	1984-0462	No	2008-06-19T14:54:20Z	2008	yes
101227566	Revista peruana de medicina experimental y salud pública	Rev Peru Med Exp Salud Publica	Peru	Lima	Instituto Nacional de Salud	2002		Quarterly	1726-4642	1726-4634	1726-4634	spa	N	2010.0	Y	Y	IM	http://www.scielo.org.pe/scielo.php?script=sci_serial&lng=en&pid=1726-4634&nrm=iso	Y	1726-4642																	1726-4642	1726-4642		Revista Peruana de Medicina Experimental y Salud Pública	1726-4642	No	2009-12-08T13:46:14Z	2009	yes
0135043	Revista de saúde pública	Rev Saude Publica	Brazil	Sao Paulo	Universidade De Sao Paulo. Faculdade De Higiene E Saude Publica	1967		Continuously updated,	1518-8787	0034-8910	0034-8910	por	N	1967.0	Y	Y	IM	http://www.scielo.br/scielo.php?script=sci_issues&pid=0034-8910&lng=en&nrm=iso	Y	1518-8787																	1518-8787	1518-8787		Revista de Saúde Pública	1518-8787	No	2004-04-23T21:31:01Z	2004	yes
7507456	Revista da Sociedade Brasileira de Medicina Tropical	Rev Soc Bras Med Trop	Brazil	Uberaba, MG, Brazil	Sociedade Brasileira de Medicina Tropical	1967		Annual,	1678-9849	0037-8682	0037-8682	eng	N	1986.0	Y	Y	IM	http://www.scielo.br/scielo.php?script=sci_serial&lng=en&pid=0037-8682&nrm=iso	Y	1678-9849																	1678-9849	1678-9849		Revista da Sociedade Brasileira de Medicina Tropical	1678-9849	No	2004-04-23T21:31:01Z	2004	yes
0414756	Roczniki Państwowego Zakładu Higieny	Rocz Panstw Zakl Hig	Poland	Warsaw, Poland	National Institute of Public Health - National Institute of Hygiene	1950		Quarterly		0035-7715	0035-7715	eng	N	1965.0	Y	Y	IM	http://wydawnictwa.pzh.gov.pl/roczniki_pzh/en	Y	0035-7715																		0035-7715	2451-2311	Roczniki Panstwowego Zakladu Higieny	2451-2311	No	2018-10-29T17:16:40Z	2018	yes
9304507	Romanian journal of internal medicine = Revue roumaine de médecine interne	Rom J Intern Med	Germany	Bucureşti	Editura Academiei Române	1991		Quarterly	2501-062X	1220-4749	1220-4749	eng	Y	1991.0	Y	Y	IM	https://www.degruyter.com/view/j/rjim	Y	2501-062X																	2501-062X	2501-062X		Romanian Journal of Internal Medicine	2501-062X	No	2016-03-20T18:48:05Z	2016	yes
100897261	São Paulo medical journal = Revista paulista de medicina	Sao Paulo Med J	Brazil	São Paulo, S.P., Brazil	Associação Paulista de Medicina	1994		Bimonthly,	1806-9460	1516-3180	1516-3180	eng	Y	1994.0	Y	Y	IM	http://www.scielo.br/scielo.php?script=sci_serial&pid=1516-3180&lng=en&nrm=iso	Y	1806-9460																	1806-9460	1806-9460		São Paulo Medical Journal	1806-9460	No	2016-11-21T15:10:35Z	2016	yes
101697563	SLAS discovery : advancing life sciences R & D	SLAS Discov	United States	Thousand Oaks, CA	SAGE Publications	2017		Ten times a year	2472-5560	2472-5552	2472-5552	eng	Y	2017.0	Y	Y	IM	http://jbx.sagepub.com/archive/	Y	2472-5560																	2472-5560	2472-5560		SLAS Discovery	2472-5560	No	2022-03-11T09:47:14Z	2022	yes
101697564	SLAS technology	SLAS Technol	United States	Thousand Oaks, CA	SAGE Publications	2017		Bimonthly	2472-6311	2472-6303	2472-6303	eng	Y	2017.0	Y	Y	IM	http://jla.sagepub.com/content/by/year	Y	2472-6311																	2472-6311	2472-6311		SLAS Technology	2472-6311	No	2022-03-11T09:21:10Z	2022	yes
101519915	Sultan Qaboos University medical journal	Sultan Qaboos Univ Med J	Oman	Muscat	Sultan Qaboos University	2006		Quarterly,	2075-0528	2075-051X	2075-051X	eng	N	2016.0	Y	Y	IM	https://www.ncbi.nlm.nih.gov/pmc/journals/1460/	Y	2075-0528																	2075-0528	2075-0528		Sultan Qaboos University Medical Journal	2075-0528	No	2013-01-29T12:28:39Z	2013	yes
2984818R	Terapevticheskiĭ arkhiv	Ter Arkh	Russia (Federation)	Moskva	ZAO 'Konsilium Medikum'	1923		Monthly,	2309-5342	0040-3660	0040-3660	rus	N	1965.0	Y	N	IM		Y	2309-5342																	2309-5342	2309-5342		Терапевтический архив	2309-5342	No	2018-12-15T11:11:29Z	2018	yes
9309086	Torture : quarterly journal on rehabilitation of torture victims and prevention of torture	Torture	Denmark	Copenhagen	International Rehabilitation Council for Torture Victims (IRCT)	1991		Four no. a year	1997-3322	1018-8185	1018-8185	eng	N	2006.0	Y	Y	IM	http://www.irct.org/media-and-resources/library/torture-journal/archive.aspx	Y	1997-3322																	1997-3322	1997-3322		Torture	1997-3322	No	2022-09-27T10:48:41Z	2022	yes
101610695	Trends in psychiatry and psychotherapy	Trends Psychiatry Psychother	Brazil	Porto Alegre, RS, Brasil	Associação de Psiquiatria do Rio Grande do Sul	2011		Quarterly	2238-0019	2237-6089	2237-6089	eng	N	2015.0	Y	Y	IM	http://www.scielo.br/scielo.php?script=sci_serial&pid=2237-6089&lng=en&nrm=iso	Y	2238-0019																	2238-0019	2238-0019		Trends in Psychiatry and Psychotherapy	2238-0019	No	2012-05-09T14:26:42Z	2012	yes
101775149	Tumour virus research	Tumour Virus Res	Netherlands	[Amsterdam]	Elsevier B.V.	2021			2666-6790		2666-6790	eng	Y	2021.0	Y	Y	IM	https://www.sciencedirect.com/journal/tumour-virus-research	Y	2666-6790																	2666-6790	2666-6790		Tumour Virus Research	2666-6790	No	2021-10-05T07:34:23Z	2021	yes
9425544	Türkiye parazitolojii dergisi	Turkiye Parazitol Derg	Turkey	[İstanbul]	Galenos Publishing House	1978		Four no. a year,	2146-3077	1300-6320	1300-6320	eng	N	2006.0	Y	Y	IM	http://www.turkiyeparazitolderg.org/eng/arsiv/archive	Y	2146-3077																	2146-3077	2146-3077		Türkiye Parazitoloji Dergisi	2146-3077	No	2019-09-30T10:28:23Z	2019	yes
9605018	Ŭi sahak	Uisahak	Korea (South)	Sŏul	Taehan Ŭi Sahakhoe	1992		Two no. a year	2093-5609	1225-505X	1225-505X	kor	N	1992.0	Y	Y	QIS	http://medhist.kams.or.kr/	Y	2093-5609																	2093-5609	2093-5609		Uisahak	2093-5609	No	2006-08-23T10:54:47Z	2006	yes
0332203	Upsala journal of medical sciences	Ups J Med Sci	England	Uppsala, Sweden	Upsala Medical Society	1972		Three no. a year	2000-1967	0300-9734	0300-9734	eng	Y	1972.0	Y	Y	IM	http://www.tandfonline.com/loi/iups20	Y	2000-1967																	2000-1967	2000-1967		Upsala Journal of Medical Sciences	2000-1967	Yes	2017-11-14T14:51:47Z	2017	yes
101286676	Urology journal	Urol J	Iran	Tehran	Urology and Nephrology Research Center	2004		Bimonthly,	1735-546X	1735-1308	1735-1308	eng	N	2007.0	Y	Y	IM	http://www.urologyjournal.org/index.php/uj/index	Y	1735-546X																	1735-546X	1735-546X		Urology Journal	1735-546X	No	2019-11-17T08:59:26Z	2019	yes
0201543	Veterinaria italiana	Vet Ital	Italy	Teramo	Istituto sperimentale zooprofilattico.	1954		Four no. a year	1828-1427	0505-401X	0505-401X	eng	N	2010.0	Y	Y	IM	https://www.veterinariaitaliana.izs.it/index.php/VetIt/issue/archive	Y	1828-1427																	1828-1427	1828-1427		Veterinaria Italiana	1828-1427	No	2010-07-16T14:51:01Z	2010	yes
0414003	Yonsei medical journal	Yonsei Med J	Korea (South)	Seoul	Yonsei University	1960		Six no. a year	1976-2437	0513-5796	0513-5796	eng	N	1963.0	Y	Y	IM	http://www.eymj.org/index.php?body=archive	Y	1976-2437																	1976-2437	1976-2437		Yonsei Medical Journal	1976-2437	No	2019-03-28T02:29:07Z	2019	yes
101697192	Zoological research	Zool Res	China	Beijing, China	Science Press	2016		Bimonthly		2095-8137	2095-8137	eng	Y	2016.0	Y	Y	IM	http://www.zoores.ac.cn/EN/article/showTenYearOldVolumn.do	Y	2095-8137																		2095-8137	2095-8137	Zoological Research	2095-8137	No	2018-01-08T11:04:01Z	2018	yes
