NlmUniqueID	BroadJournalHeading	sherpa_id_x	sherpa_has_oa_path	embargo	sherpa_id_y	embargo_published_version	embargo_accepted_version	sherpa_oa_green	sherpa_id	additional_oa_fee	sherpa_oa_hybrid	DOAJ_Seal	DOAJ	Reverse_Flip	flipped_embargo	flipped_access_model	flipped_born_oa	not_sherpa_and_not_doaj_or_not_oa
101714112	Anesthesiology																	yes
101269322	Critical Care	10921.0	yes															yes
101269322	Nursing	10921.0	yes															yes
0431420	Anesthesiology																	yes
0431420	Nursing																	yes
101206716	Biochemistry																	yes
101206716	Biophysics																	yes
101194794	Biomedical Engineering																	yes
101194794	Physiology																	yes
101295064	Medicine																	yes
0407123	Orthopedics																	yes
0407123	Traumatology																	yes
0370301	General Surgery																	yes
9422563	Dermatology																	yes
9422563	Sexually Transmitted Diseases																	yes
9433781	Dermatology																	yes
0414075	Gastroenterology																	yes
0417611	Medicine																	yes
9811169	Cardiology																	yes
9811169	Physiology																	yes
1246675	Biology																	yes
1246675	Neurology																	yes
100962752	Neurosurgery																	yes
9815355	Neurology																	yes
8610218	Dentistry																	yes
2985165R	Orthopedics																	yes
9424806	Orthopedics																	yes
9424806	Traumatology																	yes
101190312	Orthopedics																	yes
0370365	Psychiatry																	yes
101295615	Nutritional Sciences																	yes
100886502	Psychiatry																	yes
101553725	Medicine																	yes
9605506	Substance-Related Disorders																	yes
0407712	Anatomy																	yes
0407712	Cell Biology																	yes
0407712	Embryology																	yes
9435676	Anatomy																	yes
9435676	Pathology																	yes
0370413	Microbiology																	yes
8307733	Biochemistry																	yes
8307733	Biotechnology																	yes
0370416	Neoplasms																	yes
0240537	Biochemistry																	yes
0240537	Chemistry																	yes
0240537	Metabolism																	yes
0270063	Cardiology																	yes
0370417	Behavioral Sciences																	yes
0370417	Pediatrics																	yes
2985173R	Chemistry, Clinical																	yes
8802131	Dentistry																	yes
101285075	Emergency Medicine																	yes
101285075	Nursing																	yes
0121103	Biology																	yes
0121103	Medicine																	yes
9001271	Nutritional Sciences																	yes
0370421	Genetics, Medical																	yes
100971443	Geriatrics																	yes
101090746	Health Services																	yes
0370425	Allergy and Immunology																	yes
9918523075306676	Nephrology																	yes
100960029	Behavioral Sciences																	yes
100960029	Social Sciences																	yes
0370431	Biology																	yes
0117147	Microbiology																	yes
9813115	Complementary Therapies																	yes
101571545	Neurology																	yes
0242534	Otolaryngology																	yes
0370435	Parasitology																	yes
9015397	Pharmacology																	yes
101497281	Biochemistry																	yes
101497281	Biology																	yes
0101303	Psychiatry																	yes
7501064	Neurosurgery																	yes
0370441	Virology																	yes
101654770	Aerospace Medicine																	yes
101149451	Health Services																	yes
101149451	Medicine																	yes
9712263	Reproductive Medicine																	yes
9426197	Neurology																	yes
9426197	Psychophysiology																	yes
9002873	Acquired Immunodeficiency Syndrome																	yes
9002873	Education																	yes
101134876	Acquired Immunodeficiency Syndrome																	yes
7708173	Radiology																	yes
8804836	Substance-Related Disorders																	yes
101594475	Substance-Related Disorders																	yes
9812842	Biology																	yes
9812842	Chemistry																	yes
9603640	Allergy and Immunology																	yes
9603640	Pulmonary Medicine																	yes
9502013	Complementary Therapies																	yes
1272646	Primary Health Care																	yes
100970957	Psychology																	yes
101489566	Medicine																	yes
8207754	Neoplasms																	yes
9211547	Critical Care	10922.0	yes															yes
9211547	Nursing	10922.0	yes															yes
8806701	Dentistry																	yes
101291100	Disaster Medicine																	yes
9613960	Health Services	14665.0	yes															yes
101746609	Gynecology																	yes
101746609	Obstetrics																	yes
101490775	Allergy and Immunology																	yes
101490775	Otolaryngology																	yes
101233985	Neoplasms																	yes
0370522	General Surgery																	yes
101649265	Ethics	36998.0	yes															yes
101209213	Medical Informatics																	yes
0067662	Dermatology																	yes
9710381	Public Health																	yes
9918384886806676	Anesthesiology																	yes
101778868	Pediatrics																	yes
0043533	Anesthesiology																	yes
0043533	Dentistry																	yes
9604504	Cardiology																	yes
9604504	General Surgery																	yes
0370550	Dentistry																	yes
0370550	Orthodontics																	yes
7503289	Medicine																	yes
0410247	Clinical Laboratory Techniques																	yes
8911021	Psychiatry																	yes
101167762	Primary Health Care	13522.0	yes															yes
9002865	Microbiology																	yes
9002865	Public Health																	yes
0372351	Internal Medicine	10308.0	yes															yes
0372343	General Surgery																	yes
101571172	Clinical Laboratory Techniques																	yes
101593588	Parasitology																	yes
101536246	Biology	11681.0	yes															yes
9802544	Transplantation																	yes
101763872	Biomedical Engineering																	yes
101508602	Chemistry Techniques, Analytical	11604.0	yes															yes
101614024	Biology	27642.0	yes															yes
101614024	Genetics	27642.0	yes															yes
101614024	Veterinary Medicine	27642.0	yes															yes
2985150R	Biochemistry	11606.0	yes															yes
101714020	Computational Biology																	yes
101469708	Biophysics	11608.0	yes															yes
9600627	Biology	11665.0	yes															yes
9600627	Cell Biology	11665.0	yes															yes
101574034	Biochemistry	11666.0	yes															yes
101574034	Molecular Biology	11666.0	yes															yes
101235325	Psychology	11667.0	yes															yes
0372367	Zoology	11672.0	yes															yes
101561951	Nutritional Sciences	11676.0	yes															yes
101561951	Technology	11676.0	yes															yes
0117605	Genetics	11677.0	yes															yes
8309206	Allergy and Immunology	11679.0	yes															yes
2985151R	Medicine	11688.0	yes															yes
0372370	Microbiology	11689.0	yes															yes
7804039	Neurology	11690.0	yes															yes
8209988	Nutritional Sciences	11692.0	yes															yes
101275111	Pathology	11693.0	yes															yes
7607088	Pharmacology	11694.0	yes															yes
7607088	Toxicology	11694.0	yes															yes
15040080R	Chemistry	11695.0	yes															yes
0370600	Physiology	11696.0	yes															yes
0372373	Botany	11697.0	yes															yes
101140127	Botany	11698.0	yes															yes
0372374	Psychology	11700.0	yes															yes
101660822	Neurology	43027.0	yes															yes
101660822	Ophthalmology	43027.0	yes															yes
8812090	Allergy and Immunology																	yes
8812090	Microbiology																	yes
8812090	Pathology																	yes
0372460	Pediatrics																	yes
0064757	Urology																	yes
100889644	Medicine																	yes
0372441	Biology																	yes
101715860	Ophthalmology																	yes
0241212	Allergy and Immunology																	yes
0370604	Pathology																	yes
9100283	Gastroenterology																	yes
9100283	General Surgery																	yes
9440304	Nutritional Sciences																	yes
101710889	Anesthesiology																	yes
8402034	Allergy and Immunology																	yes
100901776	Nursing																	yes
101718099	Primary Health Care																	yes
0370617	Veterinary Medicine																	yes
101125284	Medicine																	yes
101120659	Hematology																	yes
9712121	Microbiology																	yes
9311984	Biochemistry																	yes
9311984	Pharmacology																	yes
8905560	Biomedical Engineering																	yes
101196966	Biochemistry																	yes
8100317	Medicine																	yes
101502754	Biology																	yes
101764786	Hematology																	yes
101764786	Neoplasms																	yes
101237479	Hematology																	yes
9001294	Psychiatry																	yes
101299709	Brain																	yes
101299709	Neurology																	yes
0065324	Medicine																	yes
101095924	Microbiology																	yes
101614130	Orthopedics																	yes
101614130	Rheumatology																	yes
7507032	Psychiatry																	yes
7505414	Dentistry																	yes
101234082	Dentistry																	yes
101148810	Endocrinology																	yes
9811151	Nutritional Sciences																	yes
9918418287206676	History of Medicine																	yes
8910581	Nursing																	yes
9708550	Medicine																	yes
9515842	Urology																	yes
8607793	Veterinary Medicine																	yes
0004653	Veterinary Medicine																	yes
9605408	Neoplasms																	yes
9605408	Pharmacology																	yes
9605408	Radiotherapy																	yes
9605408	Therapeutics																	yes
101155137	Neoplasms																	yes
8008541	Neoplasms																	yes
8008541	Therapeutics																	yes
101313864	Cardiology																	yes
101313864	Vascular Diseases																	yes
0004743	Medicine																	yes
9216789	Cell Biology																	yes
9216789	Molecular Biology																	yes
9417324	Epidemiology																	yes
9417324	Public Health																	yes
0050734	Pathology																	yes
9600515	Ophthalmology																	yes
9423768	Gynecology																	yes
9433765	Pharmacology																	yes
9433765	Pharmacy																	yes
1264702	Medicine																	yes
101183835	Allergy and Immunology																	yes
101183835	Biochemistry																	yes
0377775	Chemistry																	yes
0377775	Pharmacology																	yes
101608375	Neoplasms																	yes
100892845	Dentistry																	yes
9213031	General Surgery																	yes
9918383081906676	General Surgery																	yes
9713483	Public Health																	yes
8900492	General Surgery																	yes
8900492	Pediatrics																	yes
101137683	Cardiology																	yes
101137683	Vascular Diseases																	yes
8703441	Medicine																	yes
101167661	Hematology																	yes
101167661	Neoplasms																	yes
101597440	Dentistry																	yes
8308521	Rheumatology																	yes
7804071	Medicine																	yes
9705336	Neoplasms	32825.0	yes															yes
9705336	Nursing	32825.0	yes															yes
9705611	Clinical Laboratory Techniques																	yes
101092853	Medicine																	yes
101175887	Medicine																	yes
0364441	Nephrology	15107.0	yes															yes
8214420	Neurology	15108.0	yes															yes
8214420	Pathology	15108.0	yes															yes
0372604	Drug Therapy																	yes
0372604	Therapeutics																	yes
101660017	Genetics, Medical																	yes
101513680	Biology																	yes
101571139	Medicine																	yes
101524530	Clinical Laboratory Techniques																	yes
9212578	Internal Medicine																	yes
9212578	Primary Health Care																	yes
101735394	Communicable Diseases																	yes
8411261	Dentistry																	yes
8411261	Public Health																	yes
9918299681106676	Health Services																	yes
9918299681106676	Public Health																	yes
100900466	Laboratory Animal Science																	yes
100900466	Medicine																	yes
9600713	Dentistry																	yes
9600713	Education																	yes
101277751	Medical Informatics																	yes
7513582	Nephrology																	yes
8207799	Critical Care	10923.0	yes															yes
8207799	Nursing	10923.0	yes															yes
101654608	General Surgery																	yes
9891832	Biology																	yes
9891832	Chemistry																	yes
0147371	Dermatology																	yes
101773894	Science																	yes
101535383	Behavioral Sciences																	yes
101535383	Neurology																	yes
0163114	Embryology																	yes
9212591	Biochemistry																	yes
9212591	Cell Biology																	yes
0110513	Allergy and Immunology																	yes
0110513	Microbiology																	yes
0006440	Dermatology																	yes
8309299	Dentistry																	yes
101207335	Dermatology																	yes
9918384885206676	Dermatology																	yes
8010321	Ophthalmology																	yes
101241152	Diagnostic Imaging																	yes
101241152	Radiology																	yes
9605355	Ophthalmology																	yes
101250006	Medicine																	yes
101282742	Military Medicine																	yes
101282742	Sports Medicine																	yes
101493809	Drug Therapy																	yes
101493809	Pharmacology																	yes
101160518	Drug Therapy																	yes
101475967	Medicine																	yes
101475967	Public Health																	yes
101631050	Microbiology																	yes
9816016	Allergy and Immunology																	yes
100889097	Emergency Medicine																	yes
9805751	Emergency Medicine																	yes
7505643	Brain																	yes
101138956	Endocrinology																	yes
9313485	Endocrinology																	yes
9607439	Endocrinology																	yes
101717565	Endocrinology																	yes
101717565	Nutritional Sciences																	yes
101777540	Medicine																	yes
101777540	Nursing																	yes
101637215	Biochemistry																	yes
101637215	Molecular Biology																	yes
9431736	Allergy and Immunology																	yes
9431736	Epidemiology																	yes
9431736	Microbiology																	yes
8902507	Epidemiology																	yes
101738005	Ethics																	yes
9109034	Public Health																	yes
9109034	Social Sciences																	yes
101466614	Allergy and Immunology																	yes
101717480	Dentistry																	yes
8703474	Hematology																	yes
101121881	Dentistry																	yes
101121881	Pediatrics																	yes
9314899	Dentistry																	yes
101251040	Cardiology																	yes
101251040	Therapeutics																	yes
101251040	Vascular Diseases																	yes
100883413	Psychology																	yes
101082681	Health Services Research																	yes
101082681	Technology																	yes
9505535	Allergy and Immunology																	yes
9604830	Laboratory Animal Science																	yes
101207333	Transplantation																	yes
101230541	Neoplasms																	yes
101738007	Science																	yes
101765857	Reproductive Medicine																	yes
9426151	Forensic Sciences																	yes
9426151	Jurisprudence																	yes
8306464	Primary Health Care																	yes
9417533	Primary Health Care																	yes
0234640	Biology																	yes
0374617	Medicine																	yes
0374620	Anatomy																	yes
0065750	Parasitology																	yes
7906418	Nutritional Sciences																	yes
9113730	Forensic Sciences																	yes
9113730	Jurisprudence																	yes
9113730	Pathology																	yes
101578821	Primary Health Care																	yes
0320246	Endocrinology																	yes
101274949	Neurology																	yes
0374626	Medicine																	yes
101263411	Cardiology																	yes
9712708	Occupational Medicine																	yes
9426434	Nephrology																	yes
7810034	Antineoplastic Agents																	yes
7810034	Neoplasms																	yes
7610466	Dentistry																	yes
8400604	Biophysics																	yes
8400604	Physiology																	yes
9200651	Molecular Biology																	yes
101218222	Medicine																	yes
0374641	Gynecology																	yes
101500911	Neoplasms																	yes
101316452	Gastroenterology																	yes
0166161	Neurology																	yes
7902231	Pharmacology																	yes
0034351	Medicine																	yes
101750601	Medicine																	yes
101750601	Public Health																	yes
9438200	Medical Informatics																	yes
9710936	Public Health																	yes
9012854	Public Health																	yes
9012854	Statistics as Topic																	yes
101492637	Health Services																	yes
100961305	Health Services																	yes
100891112	Cardiology																	yes
100891112	General Surgery																	yes
101257471	Nuclear Medicine																	yes
101257381	Cardiology																	yes
101468532	Hematology																	yes
101468532	Neoplasms																	yes
0421145	Urology																	yes
101150304	Health Services																	yes
101150304	Public Health																	yes
8609357	Histology																	yes
8609357	Pathology																	yes
101585349	Pediatrics																	yes
0073267	Nursing																	yes
9422648	Dentistry																	yes
8405344	Environmental Health																	yes
100888143	Reproductive Medicine																	yes
17510500R	Neurology																	yes
101260913	Physical and Rehabilitation Medicine																	yes
101260913	Technology																	yes
0373022	Public Health																	yes
101125977	Biophysics																	yes
101125977	Physics																	yes
8806387	Allergy and Immunology																	yes
8806387	Hematology																	yes
2985065R	Environmental Health																	yes
2985065R	Occupational Medicine																	yes
101214913	Ethics																	yes
101775152	Communicable Diseases																	yes
9918384885306676	Internal Medicine																	yes
7507149	Orthopedics																	yes
101244240	Cardiology	27372.0	yes															yes
9423309	Drug Therapy	15110.0	yes															yes
9423309	Pharmacology	15110.0	yes															yes
100891504	Dentistry																	yes
101624416	Dentistry																	yes
100898843	Environmental Health																	yes
100898843	Public Health																	yes
101603754	Education																	yes
101603754	Medicine																	yes
101744702	Dentistry																	yes
8611905	Dentistry																	yes
8611905	General Surgery																	yes
8200894	Dentistry																	yes
9706294	Pharmacy																	yes
101255940	Public Health																	yes
8900938	Dentistry																	yes
101228232	General Surgery																	yes
100965420	Complementary Therapies																	yes
101475846	Cell Biology																	yes
101475846	Molecular Biology																	yes
0374740	Biology																	yes
0374740	Neurology																	yes
9612993	Audiology																	yes
9918540787006676	Cardiology																	yes
9918540787006676	General Surgery																	yes
9918540787006676	Pulmonary Medicine																	yes
9918540787006676	Vascular Diseases																	yes
101665187	Geriatrics																	yes
9204241	Internal Medicine																	yes
9602695	Neurology																	yes
9602695	Radiology																	yes
8908272	Orthopedics																	yes
0430275	Medicine																	yes
101316967	Nephrology																	yes
100930740	Medicine																	yes
8511295	Jurisprudence																	yes
101778002	Dermatology																	yes
101778002	Sexually Transmitted Diseases																	yes
101775059	Psychiatry																	yes
9708963	Jurisprudence																	yes
9708963	Psychiatry																	yes
0415027	Veterinary Medicine																	yes
101269489	Laboratory Animal Science																	yes
101600770	Nursing																	yes
101256526	Primary Health Care																	yes
8511299	Tropical Medicine																	yes
9918300687506676	Nutritional Sciences																	yes
8501423	Podiatry																	yes
101651624	Anesthesiology																	yes
101651624	History of Medicine																	yes
101084377	Statistics as Topic																	yes
9884881	Veterinary Medicine																	yes
7505585	Medicine																	yes
9506298	Vascular Diseases																	yes
9301647	Sports Medicine	25474.0	yes															yes
9512497	Veterinary Medicine																	yes
8910750	Medicine																	yes
100888641	Biotechnology																	yes
101509784	Disaster Medicine																	yes
101509784	Emergency Medicine																	yes
7907605	Dentistry																	yes
101174817	Medicine																	yes
8904411	Dentistry																	yes
0243471	Dentistry																	yes
0243471	Orthodontics																	yes
9100079	Dentistry																	yes
9100079	Pediatrics																	yes
7801243	Psychiatry	15067.0	yes															yes
9606447	General Surgery																	yes
9606447	Medicine																	yes
101090552	Dentistry																	yes
9700066	Physical and Rehabilitation Medicine																	yes
9700066	Sports Medicine																	yes
101180951	Dentistry	6235.0	yes															yes
101180951	Pediatrics	6235.0	yes															yes
8902616	Dentistry																	yes
101160020	Dermatology																	yes
101164708	Dermatology																	yes
101284695	Disaster Medicine																	yes
101284695	Emergency Medicine																	yes
8807503	Urology																	yes
101766761	Environmental Health																	yes
101766761	Toxicology																	yes
101710204	Physiology																	yes
101710204	Zoology																	yes
0267637	General Surgery																	yes
0267637	Health Services Research																	yes
0267637	Technology																	yes
7502590	Primary Health Care																	yes
7706045	Nutritional Sciences																	yes
101630927	Nutritional Sciences																	yes
101630927	Pharmacology																	yes
101630927	Toxicology																	yes
8501421	Dentistry																	yes
8501421	Forensic Sciences																	yes
8501421	Jurisprudence																	yes
7804128	Ophthalmology																	yes
101272825	Gastroenterology																	yes
0165543	Microbiology																	yes
101521733	Education																	yes
101688432	General Surgery																	yes
9609747	Dentistry																	yes
9609747	History of Medicine																	yes
7910918	Metabolism																	yes
8401468	Health Services																	yes
8401468	Medicine																	yes
101714875	Ethics																	yes
8917477	Cardiology																	yes
9107858	Allergy and Immunology																	yes
101488689	Nursing																	yes
8918134	Jurisprudence																	yes
8918134	Public Health																	yes
9431853	Jurisprudence	10395.0	yes															yes
101644425	Pharmacy																	yes
9716841	Medicine																	yes
101477617	Medicine																	yes
9815374	Health Services	29786.0	yes															yes
9815374	Psychology	29786.0	yes															yes
9815374	Public Health	29786.0	yes															yes
9431852	Biotechnology																	yes
9431852	Microbiology																	yes
101771247	Pediatrics																	yes
101771247	Perinatology																	yes
101084496	Neurology																	yes
101084496	Orthopedics																	yes
101084496	Physiology																	yes
9425651	Microbiology																	yes
8703519	Nursing																	yes
8703519	Social Sciences																	yes
101162515	Neoplasms																	yes
0253357	Neurosurgery																	yes
101463759	Neurosurgery																	yes
101463759	Pediatrics																	yes
101223545	Neurosurgery																	yes
100935589	Medicine																	yes
0402640	Nutritional Sciences																	yes
101126664	Gynecology																	yes
101126664	Obstetrics																	yes
101234523	Drug Therapy																	yes
101234523	Neurology																	yes
101234523	Psychophysiology																	yes
101234523	Substance-Related Disorders																	yes
9808942	Dentistry																	yes
7803124	Parasitology																	yes
8000345	Dentistry																	yes
8710838	Psychiatry																	yes
8710838	Psychology																	yes
101167001	Pharmacology																	yes
101298201	Education																	yes
9114501	Pharmacology																	yes
9114501	Physiology																	yes
9918351283506676	Public Health																	yes
9214440	Public Health																	yes
101490359	Dentistry																	yes
9804163	Epidemiology																	yes
9804163	Neoplasms																	yes
101480094	Public Health																	yes
7806058	Rheumatology																	yes
9211664	Physiology																	yes
101158402	Military Medicine																	yes
101508051	Substance-Related Disorders																	yes
101197881	Orthopedics																	yes
7805798	Toxicology																	yes
7909645	Environmental Health																	yes
7909645	Occupational Medicine																	yes
9105360	Veterinary Medicine																	yes
8915208	Veterinary Medicine																	yes
101772772	Health Services																	yes
101684552	Reproductive Medicine																	yes
100938016	Rheumatology																	yes
100893704	Communicable Diseases																	yes
100884618	General Surgery																	yes
101764223	Orthopedics																	yes
2985202R	Nuclear Medicine																	yes
0376352	Cardiology																	yes
0376351	Cardiology																	yes
101215359	Medicine																	yes
0376354	Medicine																	yes
0412765	General Surgery																	yes
9432021	Clinical Laboratory Techniques																	yes
101189112	Communicable Diseases																	yes
101189112	Microbiology																	yes
9425213	Neoplasms																	yes
0413531	Medicine																	yes
9435800	Parasitology																	yes
100956096	Radiology																	yes
2985210R	Medicine																	yes
0413533	General Surgery																	yes
0413533	Pulmonary Medicine																	yes
7901326	Medicine																	yes
0027707	Medicine																	yes
9005665	General Surgery																	yes
9005665	Therapeutics																	yes
101632373	Aerospace Medicine																	yes
101632373	Science																	yes
101303164	Otolaryngology																	yes
0155112	Allergy and Immunology																	yes
9313833	Neoplasms																	yes
8101177	Pathology																	yes
18420390R	Medicine																	yes
9303583	Health Services																	yes
9303583	Hospitals																	yes
101522608	Medicine																	yes
101635337	Medicine																	yes
101772861	Military Medicine																	yes
0400714	Medicine																	yes
0361547	Medicine																	yes
0401176	Occupational Medicine																	yes
2985240R	Drug Therapy																	yes
2985240R	Pharmacology																	yes
2985240R	Therapeutics																	yes
101562838	Microbiology																	yes
101231694	Dentistry																	yes
9416269	Occupational Medicine																	yes
9609063	Medicine																	yes
101597444	Medicine																	yes
8402440	Sports Medicine																	yes
101522985	Diagnostic Imaging																	yes
100964771	Public Health																	yes
0204271	Medicine																	yes
7502619	Parasitology																	yes
7502619	Tropical Medicine																	yes
101513478	Biochemistry																	yes
101513478	Chemistry																	yes
0373334	Cell Biology																	yes
0212271	Biochemistry																	yes
9214969	Molecular Biology																	yes
9710937	Microbiology																	yes
7503830	Microbiology																	yes
101776555	Cardiology																	yes
101778009	Dentistry																	yes
101777342	Endocrinology																	yes
101777280	Gastroenterology																	yes
101777280	Nutritional Sciences																	yes
101777346	Gynecology																	yes
101777303	Pediatrics																	yes
101777295	General Surgery																	yes
101777299	Nephrology																	yes
101777299	Urology																	yes
100893959	Medicine																	yes
7802429	Public Health																	yes
7802429	Vital Statistics																	yes
101124922	Public Health																	yes
101124922	Vital Statistics																	yes
101142015	Public Health																	yes
101142015	Vital Statistics																	yes
0400744	Medicine																	yes
101737562	Psychiatry																	yes
0370161	Cell Biology																	yes
0370161	Pathology																	yes
0327545	Dentistry																	yes
7508397	Pediatrics																	yes
101548156	Epidemiology																	yes
101548156	Military Medicine																	yes
101495626	Cardiology																	yes
101495626	General Surgery																	yes
101495626	Pulmonary Medicine																	yes
9601799	Medicine																	yes
2984805R	Medicine																	yes
0412011	Medicine																	yes
101266132	Medicine																	yes
101479519	Statistics as Topic																	yes
101479519	Vital Statistics																	yes
8809315	Medicine																	yes
101469988	Toxicology																	yes
9814753	Vital Statistics																	yes
101495625	Public Health																	yes
101495625	Statistics as Topic																	yes
0400770	Medicine																	yes
0400771	Dentistry																	yes
0377266	Neoplasms																	yes
101085360	Perinatology																	yes
100909377	Nephrology																	yes
100909377	Nursing																	yes
101248950	Nephrology																	yes
101248950	Therapeutics																	yes
101577268	Nutritional Sciences																	yes
101577268	Pediatrics																	yes
0356133	Internal Medicine																	yes
8008373	Endocrinology																	yes
8008373	Neurology																	yes
101778588	Neurosurgery																	yes
9432572	Gastroenterology																	yes
9432572	Neurology																	yes
0101265	Neurology																	yes
0101265	Neurosurgery																	yes
100961631	Neurology																	yes
100961631	Psychopharmacology																	yes
101252453	Neurology																	yes
100896471	Neurosurgery																	yes
9516291	Microbiology																	yes
8811109	Physiology																	yes
0417457	Public Health																	yes
2984841R	Urology																	yes
7505722	Radiology																	yes
19130150R	Public Health																	yes
7507332	Geriatrics																	yes
2984804R	Bacteriology																	yes
2984683R	Gastroenterology																	yes
0420550	Pharmacology																	yes
0377015	Brain																	yes
0377015	Neurosurgery																	yes
101608980	Toxicology																	yes
101554473	Nursing																	yes
101554473	Pediatrics																	yes
0401014	Anatomy																	yes
7809033	Neoplasms	32824.0	yes															yes
7809033	Nursing	32824.0	yes															yes
9208097	Neoplasms																	yes
8712059	Neoplasms																	yes
101521610	Health Services Research																	yes
101521610	Technology																	yes
7605679	Dentistry																	yes
7605679	General Surgery																	yes
9918402288106676	Ophthalmology																	yes
9918384887206676	Orthopedics																	yes
101240146	Orthopedics																	yes
101240146	Physical and Rehabilitation Medicine																	yes
101240146	Traumatology																	yes
0404453	Otolaryngology																	yes
9711271	Computational Biology																	yes
100954394	Neurology																	yes
100954394	Psychophysiology																	yes
101247723	Biology	19085.0	yes															yes
9426356	Chemistry																	yes
9426356	Pharmacology																	yes
0401123	Pathology																	yes
9918384887506676	Pathology																	yes
9439538	Pharmacology																	yes
7909102	Dentistry	6236.0	yes															yes
7909102	Pediatrics	6236.0	yes															yes
101260506	Emergency Medicine																	yes
101260506	Pediatrics																	yes
101518750	Endocrinology																	yes
101518750	Metabolism																	yes
101518750	Pediatrics																	yes
8904033	Nephrology																	yes
9800474	Health Services																	yes
9800474	Medicine																	yes
101219871	Health Services																	yes
101219871	Medical Informatics																	yes
101196674	Nursing																	yes
101140654	Family Planning Services																	yes
9800766	Pharmacy																	yes
101510163	Pharmacology																	yes
101696724	Physiology																	yes
9918486663306676	General Surgery																	yes
9918486663306676	Nursing																	yes
101700960	Internal Medicine																	yes
101125473	Veterinary Medicine																	yes
9705469	Medicine																	yes
0376426	General Surgery																	yes
9918249514506676	Cardiology																	yes
9918249514506676	General Surgery																	yes
9918249514506676	Vascular Diseases																	yes
0023525	Biochemistry																	yes
0404246	Pediatrics																	yes
0404246	Psychiatry																	yes
0404246	Psychology																	yes
101205018	Public Health																	yes
101677081	Biology																	yes
101677081	Medicine																	yes
101547532	Neurology	15068.0	yes															yes
101547532	Primary Health Care	15068.0	yes															yes
101547532	Psychiatry	15068.0	yes															yes
101547532	Psychophysiology	15068.0	yes															yes
101603877	Dentistry																	yes
0140673	Endocrinology																	yes
101560511	Environmental Health																	yes
101560511	Epidemiology																	yes
101560511	Radiology																	yes
101270373	Public Health																	yes
9318162	Biology																	yes
9318162	Science																	yes
0244135	Nursing																	yes
101197857	Chemistry Techniques, Analytical																	yes
101197857	Pharmacology																	yes
101197857	Pharmacy																	yes
0376441	Brain																	yes
101605200	Chemistry																	yes
0376452	Chemistry																	yes
0376452	Drug Therapy																	yes
0376452	Pharmacology																	yes
101498165	Molecular Biology																	yes
0233223	Biochemistry																	yes
0233223	Molecular Biology																	yes
0076033	Neurosurgery																	yes
101630076	Neoplasms																	yes
0413725	Epidemiology																	yes
9424753	Psychiatry																	yes
9426825	Psychiatry																	yes
101534363	Psychiatry																	yes
0401156	Psychiatry																	yes
101580621	Psychiatry																	yes
0101123	Psychopharmacology																	yes
0342677	Dentistry																	yes
101605827	Medicine																	yes
0401245	Genetics																	yes
0401245	Radiology																	yes
0401256	Radiology																	yes
9918384887306676	Radiology																	yes
0044671	Neoplasms																	yes
0401271	Medicine																	yes
9715370	Nursing																	yes
101157309	Neoplasms																	yes
101157309	Toxicology																	yes
8812230	Environmental Health																	yes
7510357	Pulmonary Medicine																	yes
101746324	Pulmonary Medicine																	yes
0173555	Cell Biology																	yes
9308586	Medicine																	yes
101227575	Endocrinology																	yes
8703602	Environmental Health																	yes
8703602	Toxicology																	yes
7608039	Epidemiology																	yes
7608039	Public Health																	yes
0242726	Nursing																	yes
101587954	Cardiology																	yes
9108821	Drug Therapy																	yes
9600212	Public Health																	yes
9108294	Gastroenterology																	yes
7507484	Tropical Medicine																	yes
0404312	Medicine																	yes
101243727	Epidemiology																	yes
101243727	Medicine																	yes
101243727	Public Health																	yes
8101383	Internal Medicine																	yes
0404317	Medicine																	yes
101219148	Medicine																	yes
7706841	Neurology																	yes
0434624	Biochemistry																	yes
0434624	Pharmacology																	yes
0434624	Physiology																	yes
0404334	Medicine																	yes
101744920	Psychiatry																	yes
101744920	Psychology																	yes
8711586	History of Medicine																	yes
0347242	Otolaryngology																	yes
9419185	Microbiology																	yes
2984782R	Hematology																	yes
0417466	Neurology																	yes
0425672	Psychiatry																	yes
9112454	Anatomy																	yes
9112454	Embryology																	yes
101677459	Ophthalmology																	yes
9815441	General Surgery																	yes
9815441	Gynecology																	yes
9815441	Obstetrics																	yes
2984854R	General Surgery																	yes
101265265	Medicine																	yes
0404371	Public Health																	yes
9507473	Occupational Medicine																	yes
9424773	Health Services																	yes
9424773	Psychiatry																	yes
9424773	Psychology																	yes
9216153	Public Health																	yes
7909441	Medicine																	yes
0437034	Gastroenterology																	yes
0400360	Rheumatology																	yes
0424247	Veterinary Medicine																	yes
0404400	Science																	yes
9424804	Chemistry Techniques, Analytical																	yes
101090220	Dentistry																	yes
20730130R	Physiology																	yes
9426463	Biotechnology																	yes
9426398	Biomedical Engineering																	yes
0142214	Public Health																	yes
101162609	Medicine																	yes
0404516	Medicine																	yes
9891441	Dermatology																	yes
101168327	Dermatology																	yes
20910580R	Nursing																	yes
9601665	Forensic Sciences																	yes
9601665	Jurisprudence																	yes
0404522	Medicine																	yes
101604515	Medicine																	yes
101737969	Geriatrics																	yes
101737969	Pharmacy																	yes
101133951	Traumatology																	yes
0412072	Dentistry																	yes
101248498	Dentistry																	yes
9214582	Health Services Research																	yes
9214582	Medical Informatics																	yes
9214582	Technology																	yes
0316571	Biochemistry																	yes
0316571	Cell Biology																	yes
0404546	Jurisprudence																	yes
7608054	Behavioral Sciences																	yes
7608054	Psychiatry																	yes
9604509	General Surgery																	yes
9604509	Technology																	yes
101624119	Dentistry																	yes
8214622	Cardiology																	yes
0051012	Medicine																	yes
9104317	Endocrinology																	yes
8210346	Geriatrics																	yes
0423731	Psychiatry																	yes
0417355	Medicine																	yes
7704186	Medicine																	yes
101560274	Acquired Immunodeficiency Syndrome																	yes
101560274	Virology																	yes
101691301	Chemistry																	yes
7507559	Physical and Rehabilitation Medicine																	yes
7610674	Biochemistry																	yes
8507086	Parasitology																	yes
8507086	Tropical Medicine																	yes
0417364	Pulmonary Medicine																	yes
0413766	Medicine																	yes
9441758	Medicine																	yes
101686048	Ophthalmology																	yes
0417505	Pediatrics																	yes
9426239	Cardiology																	yes
9423821	Neurosurgery																	yes
9425936	Psychiatry																	yes
0141730	Medicine																	yes
0417475	Virology																	yes
101274231	General Surgery																	yes
101274231	Traumatology																	yes
9312954	Military Medicine																	yes
9312954	Physiology																	yes
9312954	Sports Medicine																	yes
9918384886306676	Traumatology																	yes
9918452588006676	General Surgery																	yes
9918452588006676	Gynecology																	yes
9918452588006676	Urology																	yes
9918384886606676	Urology																	yes
100900900	Urology																	yes
0366151	Urology																	yes
0317051	Vascular Diseases																	yes
9440528	Psychiatry																	yes
0415216	Ophthalmology																	yes
0416577	Otolaryngology																	yes
0110674	Virology																	yes
0417402	Ophthalmology																	yes
0414006	Health Services Research																	yes
0414006	Public Health																	yes
0414006	Statistics as Topic																	yes
0414006	Vital Statistics																	yes
0330122	Health Services Research																	yes
0330122	Public Health																	yes
0330122	Statistics as Topic																	yes
0330122	Vital Statistics																	yes
8405154	Health Services Research																	yes
8405154	Public Health																	yes
8405154	Statistics as Topic																	yes
8405154	Vital Statistics																	yes
0413601	Endocrinology																	yes
0413601	Nutritional Sciences																	yes
0413602	Internal Medicine																	yes
2984868R	Physical and Rehabilitation Medicine																	yes
2984870R	Nutritional Sciences																	yes
0105072	Environmental Health																	yes
0105072	Toxicology																	yes
9426367	Public Health																	yes
8301891	Medicine																	yes
101589164	Public Health																	yes
9705467	Medicine																	yes
9607541	History of Medicine																	yes
9607541	Nursing																	yes
9918227353306676	Biomedical Engineering																	yes
9918227353306676	Computational Biology																	yes
9918227353306676	Genetics																	yes
9918227353306676	Physiology																	yes
9716054	Medicine																	yes
0117263	Nutritional Sciences																	yes
101739664	Medicine																	yes
101739664	Nursing																	yes
9010276	Dermatology																	yes
9010276	Traumatology																	yes
101139110	Allergy and Immunology																	yes
0413613	Pharmacology																	yes
0413613	Pharmacy																	yes
0417414	Biology																	yes
0417414	Medicine																	yes
9436478	Genetics																	yes
9425159	Environmental Health																	yes
0033370	Gastroenterology																	yes
100886455	Radiotherapy																	yes
101308227	Orthopedics																	yes
101308227	Traumatology																	yes
100886617	Psychiatry																	yes
100886617	Psychophysiology																	yes
0413645	General Surgery																	yes
9712194	Neurology																	yes
9712194	Psychiatry																	yes
7809757	Neurosurgery																	yes
100927946	Medicine																	yes
8507710	Complementary Therapies																	yes
101230586	Medicine																	yes
100909956	Pediatrics																	yes
9815790	Orthopedics																	yes
9815790	Traumatology																	yes
101084424	Hematology																	yes
9425194	General Surgery																	yes
101144973	Parasitology																	yes
9426153	Technology																	yes
8006230	Medicine																	yes
9426407	Physiology																	yes
8600658	Complementary Therapies																	yes
8913656	Complementary Therapies																	yes
8913656	Pharmacology																	yes
0005331	Pathology																	yes
101247574	Otolaryngology																	yes
0417427	Pediatrics																	yes
16210370R	Gynecology																	yes
16210370R	Obstetrics																	yes
9710009	Gastroenterology																	yes
8712226	Pulmonary Medicine																	yes
8711066	Dentistry																	yes
8410840	Occupational Medicine																	yes
8208604	Communicable Diseases																	yes
8208604	Epidemiology																	yes
101093592	Reproductive Medicine																	yes
16210490R	Internal Medicine																	yes
100959418	General Surgery																	yes
100959418	Traumatology																	yes
0153611	General Surgery																	yes
101177990	Gastroenterology																	yes
101177990	General Surgery																	yes
101604552	Critical Care																	yes
101604552	Emergency Medicine																	yes
7910682	Cardiology																	yes
7910682	Vascular Diseases																	yes
8212398	Hematology																	yes
16210540R	Ophthalmology																	yes
8303081	History of Medicine																	yes
9425197	Genetics, Medical																	yes
7511141	Complementary Therapies																	yes
7904962	Communicable Diseases																	yes
7904962	Environmental Health																	yes
7910681	Neoplasms																	yes
8702287	Zoology													yes		Subscription	0.0	yes
