MeshHeading	count	Unconquerables	% Unconquerables	MEDLINE journals OA compliant	% MEDLINE journals OA compliant
AIDS Dementia Complex	1	0	0.0	1	1.0
AIDS Vaccines	2	0	0.0	2	1.0
AIDS-Related Opportunistic Infections	1	0	0.0	1	1.0
Abdomen	3	0	0.0	3	1.0
Abnormalities, Drug-Induced	5	0	0.0	5	1.0
Abnormalities, Multiple	1	0	0.0	1	1.0
Abortion, Induced	3	0	0.0	3	1.0
Absorptiometry, Photon	1	0	0.0	1	1.0
Academic Dissertations as Topic	1	0	0.0	1	1.0
Acari	1	0	0.0	1	1.0
Acceleration	1	0	0.0	1	1.0
Access to Information	1	0	0.0	1	1.0
Accident Prevention	12	0	0.0	12	1.0
Accidents	13	1	0.07692307692307693	12	0.9230769230769231
Accidents, Aviation	2	0	0.0	2	1.0
Accidents, Occupational	18	1	0.05555555555555555	17	0.9444444444444444
Accidents, Traffic	9	1	0.1111111111111111	8	0.8888888888888888
Acclimatization	2	0	0.0	2	1.0
Accounting	2	0	0.0	2	1.0
Accreditation	2	0	0.0	2	1.0
Acoustics	3	0	0.0	3	1.0
Acquired Immunodeficiency Syndrome	80	2	0.025	78	0.975
Actuarial Analysis	1	1	1.0	0	0.0
Acupuncture Therapy	9	2	0.2222222222222222	7	0.7777777777777778
Acute Disease	4	1	0.25	3	0.75
Acute Kidney Injury	1	0	0.0	1	1.0
Adaptation, Biological	2	0	0.0	2	1.0
Adaptation, Physiological	4	0	0.0	4	1.0
Adaptation, Psychological	3	0	0.0	3	1.0
Adhesives	1	0	0.0	1	1.0
Adipocytes	1	0	0.0	1	1.0
Adipose Tissue	1	0	0.0	1	1.0
Adjuvants, Immunologic	1	0	0.0	1	1.0
Administrative Personnel	6	0	0.0	6	1.0
Admitting Department, Hospital	4	0	0.0	4	1.0
Adolescent	37	1	0.027027027027027032	36	0.972972972972973
Adolescent Behavior	2	0	0.0	2	1.0
Adolescent Health	1	0	0.0	1	1.0
Adolescent Medicine	10	0	0.0	10	1.0
Adolescent Psychiatry	10	0	0.0	10	1.0
Adult	3	0	0.0	3	1.0
Advanced Practice Nursing	1	0	0.0	1	1.0
Aerosols	4	0	0.0	4	1.0
Aerospace Medicine	42	1	0.023809523809523808	41	0.9761904761904762
Affect	1	0	0.0	1	1.0
Affective Symptoms	1	0	0.0	1	1.0
Africa	8	2	0.25	6	0.75
Africa, Eastern	1	0	0.0	1	1.0
Africa, Western	3	0	0.0	3	1.0
African Americans	4	1	0.25	3	0.75
Aftercare	5	0	0.0	5	1.0
Agaricales	1	0	0.0	1	1.0
Aged	29	0	0.0	29	1.0
Aggression	1	0	0.0	1	1.0
Aging	41	1	0.024390243902439025	40	0.975609756097561
Agricultural Workers' Diseases	3	0	0.0	3	1.0
Agriculture	18	1	0.05555555555555555	17	0.9444444444444444
Agrochemicals	1	0	0.0	1	1.0
Air Microbiology	2	0	0.0	2	1.0
Air Pollutants	3	1	0.3333333333333333	2	0.6666666666666666
Air Pollution	12	0	0.0	12	1.0
Air Pollution, Indoor	1	0	0.0	1	1.0
Aircraft	3	0	0.0	3	1.0
Alabama	2	0	0.0	2	1.0
Alaska	5	1	0.2	4	0.8
Alberta	2	0	0.0	2	1.0
Alchemy	1	0	0.0	1	1.0
Alcohol Drinking	3	1	0.3333333333333333	2	0.6666666666666666
Alcohol-Related Disorders	2	1	0.5	1	0.5
Alcoholic Beverages	2	1	0.5	1	0.5
Alcoholic Intoxication	1	0	0.0	1	1.0
Alcoholism	28	2	0.07142857142857142	26	0.9285714285714286
Alkaloids	1	1	1.0	0	0.0
Allergens	1	0	0.0	1	1.0
Allergy and Immunology	145	8	0.05517241379310345	137	0.9448275862068966
Allied Health Personnel	9	0	0.0	9	1.0
Altitude	3	0	0.0	3	1.0
Altitude Sickness	1	0	0.0	1	1.0
Alzheimer Disease	7	0	0.0	7	1.0
Ambulatory Care	6	0	0.0	6	1.0
Ambulatory Care Facilities	1	0	0.0	1	1.0
Ambulatory Surgical Procedures	1	0	0.0	1	1.0
Americas	2	0	0.0	2	1.0
Amino Acid Sequence	2	0	0.0	2	1.0
Amino Acids	2	0	0.0	2	1.0
Amyloid	1	0	0.0	1	1.0
Amyloidosis	1	0	0.0	1	1.0
Amyotrophic Lateral Sclerosis	3	0	0.0	3	1.0
Anaerobiosis	1	0	0.0	1	1.0
Analgesia	5	0	0.0	5	1.0
Analgesics	2	0	0.0	2	1.0
Analgesics, Opioid	1	1	1.0	0	0.0
Anatomy	64	3	0.046875	61	0.953125
Anatomy, Comparative	5	0	0.0	5	1.0
Anatomy, Veterinary	2	0	0.0	2	1.0
Androgens	1	0	0.0	1	1.0
Andrology	2	0	0.0	2	1.0
Anesthesia	28	3	0.10714285714285714	25	0.8928571428571429
Anesthesia Recovery Period	1	0	0.0	1	1.0
Anesthesia, Conduction	3	0	0.0	3	1.0
Anesthesia, Dental	9	1	0.1111111111111111	8	0.8888888888888888
Anesthesia, Local	1	0	0.0	1	1.0
Anesthesia, Obstetrical	1	0	0.0	1	1.0
Anesthesiology	63	3	0.047619047619047616	60	0.9523809523809523
Anesthetics	7	0	0.0	7	1.0
Angiocardiography	4	0	0.0	4	1.0
Angiography	7	1	0.14285714285714285	6	0.8571428571428571
Angioplasty	1	0	0.0	1	1.0
Angioscopy	1	0	0.0	1	1.0
Animal Diseases	29	4	0.13793103448275862	25	0.8620689655172413
Animal Feed	2	0	0.0	2	1.0
Animal Husbandry	3	0	0.0	3	1.0
Animal Nutritional Physiological Phenomena	6	0	0.0	6	1.0
Animal Population Groups	11	2	0.18181818181818185	9	0.8181818181818182
Animal Testing Alternatives	1	0	0.0	1	1.0
Animal Welfare	5	1	0.2	4	0.8
Animals	11	0	0.0	11	1.0
Animals, Domestic	18	0	0.0	18	1.0
Animals, Genetically Modified	2	0	0.0	2	1.0
Animals, Laboratory	21	4	0.19047619047619047	17	0.8095238095238095
Animals, Wild	1	1	1.0	0	0.0
Animals, Zoo	2	1	0.5	1	0.5
Ankle	5	0	0.0	5	1.0
Ankle Injuries	4	0	0.0	4	1.0
Antarctic Regions	2	0	0.0	2	1.0
Anterior Eye Segment	1	0	0.0	1	1.0
Anthropology	21	0	0.0	21	1.0
Anthropology, Cultural	1	0	0.0	1	1.0
Anthropology, Physical	8	0	0.0	8	1.0
Anti-Allergic Agents	1	0	0.0	1	1.0
Anti-Bacterial Agents	24	0	0.0	24	1.0
Anti-HIV Agents	2	0	0.0	2	1.0
Anti-Infective Agents	8	0	0.0	8	1.0
Anti-Inflammatory Agents	3	0	0.0	3	1.0
Antibodies	1	0	0.0	1	1.0
Antibodies, Monoclonal	6	0	0.0	6	1.0
Anticarcinogenic Agents	1	0	0.0	1	1.0
Antigens	1	0	0.0	1	1.0
Antigens, Neoplasm	1	0	0.0	1	1.0
Antineoplastic Agents	17	0	0.0	17	1.0
Antineoplastic Agents, Hormonal	1	0	0.0	1	1.0
Antioxidants	2	0	0.0	2	1.0
Antisense Elements (Genetics)	5	0	0.0	5	1.0
Antisocial Personality Disorder	1	0	0.0	1	1.0
Antitubercular Agents	1	0	0.0	1	1.0
Antiviral Agents	4	0	0.0	4	1.0
Anxiety	3	0	0.0	3	1.0
Anxiety Disorders	3	0	0.0	3	1.0
Apoptosis	3	0	0.0	3	1.0
Appetite	1	0	0.0	1	1.0
Arachidonic Acids	1	0	0.0	1	1.0
Archaea	1	0	0.0	1	1.0
Architecture	1	0	0.0	1	1.0
Archives	1	0	0.0	1	1.0
Arctic Regions	2	0	0.0	2	1.0
Argentina	6	0	0.0	6	1.0
Arizona	1	0	0.0	1	1.0
Arm	4	1	0.25	3	0.75
Arm Injuries	2	1	0.5	1	0.5
Arrhythmias, Cardiac	7	0	0.0	7	1.0
Art Therapy	2	0	0.0	2	1.0
Arteries	2	0	0.0	2	1.0
Arteriosclerosis	15	1	0.06666666666666668	14	0.9333333333333333
Arthritis	45	1	0.022222222222222227	44	0.9777777777777777
Arthroplasty	2	0	0.0	2	1.0
Arthropod Vectors	1	0	0.0	1	1.0
Arthropods	2	0	0.0	2	1.0
Arthroscopy	3	0	0.0	3	1.0
Artificial Intelligence	4	0	0.0	4	1.0
Artificial Limbs	7	0	0.0	7	1.0
Artificial Organs	12	0	0.0	12	1.0
Asepsis	1	0	0.0	1	1.0
Asia	5	1	0.2	4	0.8
Asia, Southeastern	1	0	0.0	1	1.0
Asian Americans	1	0	0.0	1	1.0
Asian Continental Ancestry Group	1	0	0.0	1	1.0
Asthma	12	1	0.08333333333333333	11	0.9166666666666666
Ataxia	1	0	0.0	1	1.0
Athletic Injuries	18	2	0.1111111111111111	16	0.8888888888888888
Attention	1	0	0.0	1	1.0
Attention Deficit Disorder with Hyperactivity	2	0	0.0	2	1.0
Attitude to Death	2	0	0.0	2	1.0
Attitude to Health	1	0	0.0	1	1.0
Audiology	8	0	0.0	8	1.0
Audiovisual Aids	4	0	0.0	4	1.0
Australasia	1	0	0.0	1	1.0
Australia	24	4	0.16666666666666666	20	0.8333333333333334
Austria	4	0	0.0	4	1.0
Autacoids	2	0	0.0	2	1.0
Autistic Disorder	5	0	0.0	5	1.0
Autoantibodies	2	0	0.0	2	1.0
Autoimmune Diseases	2	0	0.0	2	1.0
Autoimmunity	2	0	0.0	2	1.0
Automation	2	1	0.5	1	0.5
Automation, Laboratory	2	0	0.0	2	1.0
Autonomic Agents	3	0	0.0	3	1.0
Autonomic Nervous System	8	0	0.0	8	1.0
Autonomic Nervous System Diseases	1	0	0.0	1	1.0
Autophagy	1	0	0.0	1	1.0
Aviation	3	0	0.0	3	1.0
Back Pain	1	0	0.0	1	1.0
Bacteria	2	0	0.0	2	1.0
Bacteria, Anaerobic	1	0	0.0	1	1.0
Bacterial Infections	11	0	0.0	11	1.0
Bacteriological Techniques	2	0	0.0	2	1.0
Bacteriology	28	2	0.07142857142857142	26	0.9285714285714286
Balneology	5	0	0.0	5	1.0
Baltimore	2	0	0.0	2	1.0
Bariatrics	1	0	0.0	1	1.0
Base Sequence	9	0	0.0	9	1.0
Battered Women	1	0	0.0	1	1.0
Beauty Culture	2	0	0.0	2	1.0
Behavior	50	2	0.04	48	0.96
Behavior Therapy	7	0	0.0	7	1.0
Behavior, Addictive	3	0	0.0	3	1.0
Behavior, Animal	9	0	0.0	9	1.0
Behavioral Medicine	11	0	0.0	11	1.0
Behavioral Research	2	0	0.0	2	1.0
Behavioral Sciences	13	0	0.0	13	1.0
Belgium	3	0	0.0	3	1.0
Benchmarking	1	0	0.0	1	1.0
Bibliographies as Topic	3	0	0.0	3	1.0
Biliary Tract	2	1	0.5	1	0.5
Biliary Tract Diseases	5	0	0.0	5	1.0
Biliary Tract Surgical Procedures	3	0	0.0	3	1.0
Biochemical Phenomena	14	0	0.0	14	1.0
Biochemistry	245	16	0.0653061224489796	229	0.9346938775510204
Biocompatible Materials	32	0	0.0	32	1.0
Biodegradation, Environmental	2	0	0.0	2	1.0
Biodiversity	1	0	0.0	1	1.0
Bioengineering	5	0	0.0	5	1.0
Bioethical Issues	6	0	0.0	6	1.0
Bioethics	19	1	0.05263157894736842	18	0.9473684210526315
Biofeedback, Psychology	2	0	0.0	2	1.0
Biofilms	1	0	0.0	1	1.0
Biological Assay	2	0	0.0	2	1.0
Biological Clocks	4	0	0.0	4	1.0
Biological Evolution	21	0	0.0	21	1.0
Biological Factors	8	0	0.0	8	1.0
Biological Phenomena	7	0	0.0	7	1.0
Biological Products	20	1	0.05	19	0.95
Biological Psychiatry	2	0	0.0	2	1.0
Biological Science Disciplines	55	3	0.054545454545454536	52	0.9454545454545454
Biological Specimen Banks	1	0	0.0	1	1.0
Biological Therapy	1	0	0.0	1	1.0
Biological Transport	6	0	0.0	6	1.0
Biological Transport, Active	1	0	0.0	1	1.0
Biological Warfare	1	0	0.0	1	1.0
Biological Warfare Agents	1	0	0.0	1	1.0
Biology	274	9	0.032846715328467155	265	0.9671532846715328
Biomarkers	3	0	0.0	3	1.0
Biomarkers, Tumor	2	0	0.0	2	1.0
Biomechanical Phenomena	19	2	0.10526315789473684	17	0.8947368421052632
Biomedical Engineering	93	4	0.04301075268817205	89	0.956989247311828
Biomedical Research	20	2	0.1	18	0.9
Biomedical Technology	57	6	0.10526315789473684	51	0.8947368421052632
Biomedical and Dental Materials	2	0	0.0	2	1.0
Biometry	15	0	0.0	15	1.0
Biomimetic Materials	1	0	0.0	1	1.0
Biomimetics	2	0	0.0	2	1.0
Bionics	3	0	0.0	3	1.0
Biopharmaceutics	10	1	0.1	9	0.9
Biophysical Phenomena	3	0	0.0	3	1.0
Biophysics	67	4	0.059701492537313425	63	0.9402985074626866
Biopolymers	2	0	0.0	2	1.0
Bioreactors	1	0	0.0	1	1.0
Biosensing Techniques	4	0	0.0	4	1.0
Biotechnology	67	3	0.04477611940298507	64	0.9552238805970149
Bioterrorism	1	0	0.0	1	1.0
Bipolar Disorder	1	0	0.0	1	1.0
Bird Diseases	2	1	0.5	1	0.5
Birds	1	1	1.0	0	0.0
Birth Rate	2	1	0.5	1	0.5
Bisexuality	1	0	0.0	1	1.0
Blindness	4	0	0.0	4	1.0
Blood	11	1	0.09090909090909093	10	0.9090909090909091
Blood Cells	3	0	0.0	3	1.0
Blood Circulation	3	0	0.0	3	1.0
Blood Coagulation	2	0	0.0	2	1.0
Blood Component Removal	3	0	0.0	3	1.0
Blood Component Transfusion	2	0	0.0	2	1.0
Blood Glucose Self-Monitoring	1	0	0.0	1	1.0
Blood Group Antigens	3	1	0.3333333333333333	2	0.6666666666666666
Blood Platelets	1	0	0.0	1	1.0
Blood Pressure	3	0	0.0	3	1.0
Blood Pressure Determination	1	0	0.0	1	1.0
Blood Pressure Monitoring, Ambulatory	1	0	0.0	1	1.0
Blood Pressure Monitors	1	0	0.0	1	1.0
Blood Substitutes	1	0	0.0	1	1.0
Blood Transfusion	26	1	0.038461538461538464	25	0.9615384615384616
Blood Transfusion, Autologous	1	0	0.0	1	1.0
Blood Vessels	12	0	0.0	12	1.0
Body Constitution	1	0	0.0	1	1.0
Body Fluids	1	0	0.0	1	1.0
Body Image	1	0	0.0	1	1.0
Body Temperature	1	0	0.0	1	1.0
Body Temperature Regulation	1	0	0.0	1	1.0
Body Weight	1	0	0.0	1	1.0
Bone Density	1	0	0.0	1	1.0
Bone Diseases	10	2	0.2	8	0.8
Bone Diseases, Metabolic	6	1	0.16666666666666666	5	0.8333333333333334
Bone Marrow Transplantation	3	0	0.0	3	1.0
Bone and Bones	9	1	0.1111111111111111	8	0.8888888888888888
Botany	16	1	0.0625	15	0.9375
Brachytherapy	1	0	0.0	1	1.0
Brain	42	2	0.047619047619047616	40	0.9523809523809523
Brain Chemistry	1	0	0.0	1	1.0
Brain Diseases	4	0	0.0	4	1.0
Brain Diseases, Metabolic	1	0	0.0	1	1.0
Brain Injuries	6	0	0.0	6	1.0
Brain Mapping	2	0	0.0	2	1.0
Brain Neoplasms	3	0	0.0	3	1.0
Brazil	9	2	0.2222222222222222	7	0.7777777777777778
Breast	2	0	0.0	2	1.0
Breast Diseases	5	0	0.0	5	1.0
Breast Feeding	4	0	0.0	4	1.0
Breast Neoplasms	7	0	0.0	7	1.0
Breeding	5	0	0.0	5	1.0
British Columbia	1	0	0.0	1	1.0
Bronchi	4	0	0.0	4	1.0
Bronchial Diseases	2	0	0.0	2	1.0
Burns	6	1	0.16666666666666666	5	0.8333333333333334
Cachexia	1	0	0.0	1	1.0
Caenorhabditis elegans	1	0	0.0	1	1.0
Calcification, Physiologic	2	0	0.0	2	1.0
Calcium	4	0	0.0	4	1.0
Calcium Channels	1	0	0.0	1	1.0
California	19	0	0.0	19	1.0
Canada	47	4	0.0851063829787234	43	0.9148936170212766
Cancer Care Facilities	1	0	0.0	1	1.0
Cannabinoids	1	0	0.0	1	1.0
Cannabis	1	0	0.0	1	1.0
Capitation Fee	2	0	0.0	2	1.0
Capsules	1	0	0.0	1	1.0
Carbohydrates	6	1	0.16666666666666666	5	0.8333333333333334
Carcinoembryonic Antigen	2	0	0.0	2	1.0
Carcinogenicity Tests	1	1	1.0	0	0.0
Carcinogens	14	1	0.07142857142857142	13	0.9285714285714286
Carcinogens, Environmental	2	1	0.5	1	0.5
Cardiac Catheterization	2	0	0.0	2	1.0
Cardiac Electrophysiology	1	0	0.0	1	1.0
Cardiac Output, Low	1	0	0.0	1	1.0
Cardiac Pacing, Artificial	3	0	0.0	3	1.0
Cardiac Rehabilitation	2	0	0.0	2	1.0
Cardiac Surgical Procedures	14	3	0.21428571428571427	11	0.7857142857142857
Cardiology	78	8	0.10256410256410256	70	0.8974358974358975
Cardiomyopathies	1	1	1.0	0	0.0
Cardiovascular Abnormalities	1	0	0.0	1	1.0
Cardiovascular Agents	16	0	0.0	16	1.0
Cardiovascular Diseases	132	9	0.06818181818181818	123	0.9318181818181818
Cardiovascular Physiological Phenomena	1	0	0.0	1	1.0
Cardiovascular Surgical Procedures	21	2	0.09523809523809523	19	0.9047619047619048
Cardiovascular System	29	2	0.06896551724137931	27	0.9310344827586207
Cariostatic Agents	1	0	0.0	1	1.0
Cartilage	1	0	0.0	1	1.0
Case Management	7	0	0.0	7	1.0
Cat Diseases	1	0	0.0	1	1.0
Cataloging	1	0	0.0	1	1.0
Catalogs, Library	2	0	0.0	2	1.0
Cataract Extraction	1	0	0.0	1	1.0
Catheter Ablation	1	0	0.0	1	1.0
Catheterization, Central Venous	1	0	0.0	1	1.0
Catheterization, Peripheral	1	0	0.0	1	1.0
Catholicism	7	0	0.0	7	1.0
Cell Adhesion	3	0	0.0	3	1.0
Cell Adhesion Molecules	1	0	0.0	1	1.0
Cell Biology	100	6	0.06	94	0.94
Cell Communication	9	0	0.0	9	1.0
Cell Culture Techniques	1	0	0.0	1	1.0
Cell Cycle	3	0	0.0	3	1.0
Cell Death	3	0	0.0	3	1.0
Cell Differentiation	11	1	0.09090909090909093	10	0.9090909090909091
Cell Division	6	0	0.0	6	1.0
Cell Membrane	8	1	0.125	7	0.875
Cell Movement	5	0	0.0	5	1.0
Cell Nucleus	3	0	0.0	3	1.0
Cell Physiological Phenomena	29	0	0.0	29	1.0
Cell Separation	2	0	0.0	2	1.0
Cell Survival	1	0	0.0	1	1.0
Cell Transformation, Neoplastic	6	0	0.0	6	1.0
Cell Transplantation	4	0	0.0	4	1.0
Cells	62	2	0.03225806451612903	60	0.967741935483871
Cells, Cultured	1	0	0.0	1	1.0
Cellular Senescence	4	0	0.0	4	1.0
Cellular Structures	2	0	0.0	2	1.0
Central America	1	0	0.0	1	1.0
Central Nervous System	7	0	0.0	7	1.0
Central Nervous System Agents	6	0	0.0	6	1.0
Central Nervous System Diseases	15	0	0.0	15	1.0
Cerebellum	1	0	0.0	1	1.0
Cerebral Cortex	1	0	0.0	1	1.0
Cerebral Palsy	7	0	0.0	7	1.0
Cerebrospinal Fluid	1	0	0.0	1	1.0
Cerebrovascular Circulation	3	0	0.0	3	1.0
Cerebrovascular Disorders	9	0	0.0	9	1.0
Chaplaincy Service, Hospital	1	0	0.0	1	1.0
Character	1	0	0.0	1	1.0
Charities	2	0	0.0	2	1.0
Chemical Engineering	3	2	0.6666666666666666	1	0.3333333333333333
Chemical Industry	8	0	0.0	8	1.0
Chemical Phenomena	9	1	0.1111111111111111	8	0.8888888888888888
Chemical Warfare	2	0	0.0	2	1.0
Chemistry	81	2	0.02469135802469136	79	0.9753086419753086
Chemistry Techniques, Analytical	19	1	0.05263157894736842	18	0.9473684210526315
Chemistry, Agricultural	4	0	0.0	4	1.0
Chemistry, Bioinorganic	1	0	0.0	1	1.0
Chemistry, Clinical	19	1	0.05263157894736842	18	0.9473684210526315
Chemistry, Inorganic	2	0	0.0	2	1.0
Chemistry, Organic	15	1	0.06666666666666668	14	0.9333333333333333
Chemistry, Pharmaceutical	34	2	0.05882352941176471	32	0.9411764705882353
Chemistry, Physical	13	0	0.0	13	1.0
Chemoreceptor Cells	1	0	0.0	1	1.0
Chemotherapy, Adjuvant	1	0	0.0	1	1.0
Chicago	5	0	0.0	5	1.0
Child	117	3	0.02564102564102564	114	0.9743589743589743
Child Abuse	3	0	0.0	3	1.0
Child Abuse, Sexual	2	0	0.0	2	1.0
Child Advocacy	1	0	0.0	1	1.0
Child Behavior	4	1	0.25	3	0.75
Child Behavior Disorders	3	0	0.0	3	1.0
Child Care	12	0	0.0	12	1.0
Child Development	18	1	0.05555555555555555	17	0.9444444444444444
Child Guidance	2	0	0.0	2	1.0
Child Health	2	1	0.5	1	0.5
Child Health Services	5	0	0.0	5	1.0
Child Nutrition Disorders	1	0	0.0	1	1.0
Child Nutritional Physiological Phenomena	4	0	0.0	4	1.0
Child Psychiatry	24	1	0.04166666666666666	23	0.9583333333333334
Child Welfare	17	0	0.0	17	1.0
Child, Gifted	1	0	0.0	1	1.0
Child, Hospitalized	4	1	0.25	3	0.75
Child, Institutionalized	1	0	0.0	1	1.0
Child, Preschool	1	0	0.0	1	1.0
Chile	7	1	0.14285714285714285	6	0.8571428571428571
Chimerism	1	0	0.0	1	1.0
China	19	8	0.42105263157894735	11	0.5789473684210527
Chiropractic	4	0	0.0	4	1.0
Cholelithiasis	2	0	0.0	2	1.0
Christianity	2	0	0.0	2	1.0
Chromatin	1	0	0.0	1	1.0
Chromatography	13	1	0.07692307692307693	12	0.9230769230769231
Chromosome Aberrations	3	0	0.0	3	1.0
Chromosome Mapping	6	0	0.0	6	1.0
Chromosomes	2	0	0.0	2	1.0
Chronic Disease	10	1	0.1	9	0.9
Cineangiography	2	0	0.0	2	1.0
Cineradiography	2	0	0.0	2	1.0
Circadian Rhythm	4	0	0.0	4	1.0
Civil Defense	2	0	0.0	2	1.0
Civil Rights	1	1	1.0	0	0.0
Civilization	2	0	0.0	2	1.0
Cleft Lip	2	0	0.0	2	1.0
Cleft Palate	2	0	0.0	2	1.0
Climacteric	1	0	0.0	1	1.0
Climate	6	1	0.16666666666666666	5	0.8333333333333334
Climatotherapy	1	0	0.0	1	1.0
Clinical Competence	2	0	0.0	2	1.0
Clinical Laboratory Techniques	46	6	0.13043478260869565	40	0.8695652173913043
Clinical Medicine	70	8	0.11428571428571427	62	0.8857142857142857
Clinical Trial Protocols as Topic	1	0	0.0	1	1.0
Clinical Trials as Topic	16	0	0.0	16	1.0
Clone Cells	1	0	0.0	1	1.0
Cloning, Molecular	4	0	0.0	4	1.0
Cloning, Organism	2	0	0.0	2	1.0
Clustered Regularly Interspaced Short Palindromic Repeats	1	0	0.0	1	1.0
Cochlea	1	0	0.0	1	1.0
Cochlear Implantation	1	0	0.0	1	1.0
Cochlear Implants	1	0	0.0	1	1.0
Cognition	21	0	0.0	21	1.0
Cognition Disorders	4	0	0.0	4	1.0
Cognitive Behavioral Therapy	2	0	0.0	2	1.0
Cognitive Neuroscience	1	0	0.0	1	1.0
Cognitive Science	7	0	0.0	7	1.0
Cold Climate	6	0	0.0	6	1.0
Cold Temperature	2	1	0.5	1	0.5
Colitis, Ulcerative	1	0	0.0	1	1.0
Collagen	4	0	0.0	4	1.0
Collagen Diseases	2	0	0.0	2	1.0
Colloids	5	0	0.0	5	1.0
Colombia	5	1	0.2	4	0.8
Colonic Diseases	3	0	0.0	3	1.0
Colorado	1	0	0.0	1	1.0
Colorectal Neoplasms	1	0	0.0	1	1.0
Colorectal Surgery	9	0	0.0	9	1.0
Colostomy	2	0	0.0	2	1.0
Colposcopy	1	0	0.0	1	1.0
Combinatorial Chemistry Techniques	1	0	0.0	1	1.0
Commerce	3	0	0.0	3	1.0
Communicable Disease Control	20	2	0.1	18	0.9
Communicable Diseases	102	6	0.05882352941176471	96	0.9411764705882353
Communicable Diseases, Emerging	5	0	0.0	5	1.0
Communication	12	0	0.0	12	1.0
Communication Disorders	4	0	0.0	4	1.0
Community Dentistry	2	1	0.5	1	0.5
Community Health Nursing	10	0	0.0	10	1.0
Community Health Services	31	1	0.03225806451612903	30	0.967741935483871
Community Medicine	4	1	0.25	3	0.75
Community Mental Health Services	9	1	0.1111111111111111	8	0.8888888888888888
Community Networks	1	0	0.0	1	1.0
Community Participation	3	0	0.0	3	1.0
Community Pharmacy Services	1	0	0.0	1	1.0
Community Psychiatry	6	0	0.0	6	1.0
Community-Institutional Relations	1	0	0.0	1	1.0
Comparative Effectiveness Research	1	0	0.0	1	1.0
Complement System Proteins	2	0	0.0	2	1.0
Complementary Therapies	22	1	0.045454545454545456	21	0.9545454545454546
Composite Resins	1	0	0.0	1	1.0
Comprehensive Health Care	3	0	0.0	3	1.0
Compulsive Behavior	1	0	0.0	1	1.0
Computational Biology	30	2	0.06666666666666668	28	0.9333333333333333
Computer Communication Networks	8	0	0.0	8	1.0
Computer Graphics	4	0	0.0	4	1.0
Computer Simulation	7	0	0.0	7	1.0
Computer Systems	2	0	0.0	2	1.0
Computer-Aided Design	3	0	0.0	3	1.0
Computer-Assisted Instruction	3	0	0.0	3	1.0
Computers	22	1	0.045454545454545456	21	0.9545454545454546
Computing Methodologies	2	0	0.0	2	1.0
Conditioning, Psychological	6	0	0.0	6	1.0
Congenital Abnormalities	8	0	0.0	8	1.0
Connecticut	4	0	0.0	4	1.0
Connective Tissue	5	0	0.0	5	1.0
Connective Tissue Diseases	4	1	0.25	3	0.75
Consciousness	1	0	0.0	1	1.0
Conservation of Natural Resources	4	0	0.0	4	1.0
Consultants	1	0	0.0	1	1.0
Consumer Advocacy	2	0	0.0	2	1.0
Consumer Behavior	2	0	0.0	2	1.0
Consumer Organizations	1	0	0.0	1	1.0
Consumer Product Safety	3	0	0.0	3	1.0
Contact Lenses	5	0	0.0	5	1.0
Contact Lenses, Hydrophilic	3	0	0.0	3	1.0
Containment of Biohazards	2	0	0.0	2	1.0
Continuity of Patient Care	5	0	0.0	5	1.0
Contraception	11	0	0.0	11	1.0
Contraceptive Agents	1	0	0.0	1	1.0
Contraceptives, Oral	1	0	0.0	1	1.0
Contrast Media	1	0	0.0	1	1.0
Convalescence	1	0	0.0	1	1.0
Convulsive Therapy	1	0	0.0	1	1.0
Cordotomy	1	0	0.0	1	1.0
Cornea	4	0	0.0	4	1.0
Coronary Angiography	1	0	0.0	1	1.0
Coronary Disease	2	0	0.0	2	1.0
Correction of Hearing Impairment	1	0	0.0	1	1.0
Cosmetic Techniques	2	1	0.5	1	0.5
Cosmetics	7	0	0.0	7	1.0
Cosmic Radiation	1	0	0.0	1	1.0
Cost Control	6	0	0.0	6	1.0
Cost-Benefit Analysis	2	0	0.0	2	1.0
Costs and Cost Analysis	6	0	0.0	6	1.0
Counseling	5	0	0.0	5	1.0
Craniocerebral Trauma	2	0	0.0	2	1.0
Craniofacial Abnormalities	1	0	0.0	1	1.0
Craniomandibular Disorders	3	0	0.0	3	1.0
Criminal Psychology	6	0	0.0	6	1.0
Criminology	12	0	0.0	12	1.0
Crisis Intervention	2	0	0.0	2	1.0
Critical Care	58	5	0.08620689655172414	53	0.9137931034482759
Critical Care Nursing	1	0	0.0	1	1.0
Critical Illness	6	0	0.0	6	1.0
Critical Pathways	1	0	0.0	1	1.0
Croatia	1	0	0.0	1	1.0
Crohn Disease	1	0	0.0	1	1.0
Crops, Agricultural	3	0	0.0	3	1.0
Cross Infection	8	0	0.0	8	1.0
Cross-Cultural Comparison	7	0	0.0	7	1.0
Crustacea	1	0	0.0	1	1.0
Cryopreservation	1	1	1.0	0	0.0
Cryosurgery	1	0	0.0	1	1.0
Crystallization	6	0	0.0	6	1.0
Crystallography	13	0	0.0	13	1.0
Cuba	2	1	0.5	1	0.5
Culicidae	3	0	0.0	3	1.0
Cultural Characteristics	1	0	0.0	1	1.0
Cultural Diversity	2	0	0.0	2	1.0
Culture	2	0	0.0	2	1.0
Culture Techniques	6	1	0.16666666666666666	5	0.8333333333333334
Cumulative Trauma Disorders	1	1	1.0	0	0.0
Cyanobacteria	1	0	0.0	1	1.0
Cybernetics	7	0	0.0	7	1.0
Cystic Fibrosis	1	0	0.0	1	1.0
Cytodiagnosis	5	0	0.0	5	1.0
Cytogenetics	14	0	0.0	14	1.0
Cytokines	8	0	0.0	8	1.0
Cytological Techniques	17	2	0.1176470588235294	15	0.8823529411764706
Cytoprotection	1	0	0.0	1	1.0
Cytoskeleton	2	0	0.0	2	1.0
Czech Republic	1	0	0.0	1	1.0
Czechoslovakia	3	0	0.0	3	1.0
DNA	4	0	0.0	4	1.0
DNA Damage	1	0	0.0	1	1.0
DNA Methylation	1	0	0.0	1	1.0
DNA Repair	1	0	0.0	1	1.0
DNA, Antisense	1	0	0.0	1	1.0
DNA, Mitochondrial	2	0	0.0	2	1.0
DNA, Recombinant	6	0	0.0	6	1.0
Dairy Products	2	0	0.0	2	1.0
Dairying	5	0	0.0	5	1.0
Dancing	3	2	0.6666666666666666	1	0.3333333333333333
Dangerous Behavior	1	0	0.0	1	1.0
Data Collection	2	0	0.0	2	1.0
Data Interpretation, Statistical	1	0	0.0	1	1.0
Data Mining	2	0	0.0	2	1.0
Data Science	1	0	0.0	1	1.0
Databases, Factual	1	0	0.0	1	1.0
Databases, Genetic	2	0	0.0	2	1.0
Day Care, Medical	1	0	0.0	1	1.0
Deafness	5	0	0.0	5	1.0
Death	3	0	0.0	3	1.0
Decision Making	6	0	0.0	6	1.0
Deglutition	1	0	0.0	1	1.0
Deglutition Disorders	1	0	0.0	1	1.0
Delayed-Action Preparations	1	0	0.0	1	1.0
Delivery of Health Care	153	8	0.052287581699346414	145	0.9477124183006536
Delivery of Health Care, Integrated	2	0	0.0	2	1.0
Delivery, Obstetric	2	0	0.0	2	1.0
Deltaretrovirus	1	0	0.0	1	1.0
Deltaretrovirus Infections	1	0	0.0	1	1.0
Dementia	6	0	0.0	6	1.0
Demography	12	0	0.0	12	1.0
Demyelinating Diseases	1	0	0.0	1	1.0
Denmark	4	0	0.0	4	1.0
Dental Assistants	12	0	0.0	12	1.0
Dental Auxiliaries	1	0	0.0	1	1.0
Dental Bonding	2	0	0.0	2	1.0
Dental Care	6	2	0.3333333333333333	4	0.6666666666666666
Dental Care for Children	1	1	1.0	0	0.0
Dental Care for Disabled	1	0	0.0	1	1.0
Dental Caries	2	0	0.0	2	1.0
Dental Equipment	3	0	0.0	3	1.0
Dental Health Services	1	0	0.0	1	1.0
Dental Health Surveys	1	0	0.0	1	1.0
Dental Hygienists	13	2	0.15384615384615385	11	0.8461538461538461
Dental Implantation	18	2	0.1111111111111111	16	0.8888888888888888
Dental Implants	5	0	0.0	5	1.0
Dental Instruments	6	0	0.0	6	1.0
Dental Materials	15	1	0.06666666666666668	14	0.9333333333333333
Dental Prophylaxis	6	2	0.3333333333333333	4	0.6666666666666666
Dental Prosthesis	2	1	0.5	1	0.5
Dental Pulp Diseases	2	1	0.5	1	0.5
Dental Research	1	0	0.0	1	1.0
Dental Restoration, Permanent	4	2	0.5	2	0.5
Dental Restoration, Temporary	3	2	0.6666666666666666	1	0.3333333333333333
Dental Service, Hospital	3	0	0.0	3	1.0
Dental Staff	1	0	0.0	1	1.0
Dental Technicians	7	0	0.0	7	1.0
Dentistry	660	17	0.02575757575757576	643	0.9742424242424242
Dentistry, Operative	14	2	0.14285714285714285	12	0.8571428571428571
Dentists	17	0	0.0	17	1.0
Dentures	11	1	0.09090909090909093	10	0.9090909090909091
Depression	2	0	0.0	2	1.0
Dermatitis, Atopic	1	1	1.0	0	0.0
Dermatitis, Contact	3	1	0.3333333333333333	2	0.6666666666666666
Dermatitis, Occupational	3	1	0.3333333333333333	2	0.6666666666666666
Dermatologic Agents	3	2	0.6666666666666666	1	0.3333333333333333
Dermatologic Surgical Procedures	6	1	0.16666666666666666	5	0.8333333333333334
Dermatology	91	6	0.06593406593406594	85	0.9340659340659341
Developing Countries	15	1	0.06666666666666668	14	0.9333333333333333
Developmental Biology	21	1	0.047619047619047616	20	0.9523809523809523
Developmental Disabilities	11	0	0.0	11	1.0
Diabetes Complications	4	0	0.0	4	1.0
Diabetes Mellitus	48	1	0.02083333333333333	47	0.9791666666666666
Diabetes Mellitus, Type 1	3	2	0.6666666666666666	1	0.3333333333333333
Diabetes Mellitus, Type 2	1	1	1.0	0	0.0
Diagnosis	8	0	0.0	8	1.0
Diagnosis, Computer-Assisted	3	1	0.3333333333333333	2	0.6666666666666666
Diagnosis, Dual (Psychiatry)	1	0	0.0	1	1.0
Diagnosis, Oral	2	0	0.0	2	1.0
Diagnosis-Related Groups	1	0	0.0	1	1.0
Diagnostic Imaging	51	1	0.0196078431372549	50	0.9803921568627451
Diagnostic Techniques and Procedures	5	1	0.2	4	0.8
Diagnostic Techniques, Cardiovascular	6	0	0.0	6	1.0
Diagnostic Techniques, Endocrine	1	0	0.0	1	1.0
Diagnostic Techniques, Neurological	4	0	0.0	4	1.0
Diagnostic Techniques, Ophthalmological	1	0	0.0	1	1.0
Diagnostic Techniques, Radioisotope	2	0	0.0	2	1.0
Diagnostic Techniques, Respiratory System	1	0	0.0	1	1.0
Diagnostic Techniques, Urological	1	1	1.0	0	0.0
Diagnostic Tests, Routine	1	0	0.0	1	1.0
Dialysis	5	1	0.2	4	0.8
Diarrhea	1	0	0.0	1	1.0
Diet	22	0	0.0	22	1.0
Diet Therapy	6	0	0.0	6	1.0
Diet, Diabetic	1	0	0.0	1	1.0
Diet, Vegetarian	1	0	0.0	1	1.0
Dietary Proteins	1	1	1.0	0	0.0
Dietary Services	1	0	0.0	1	1.0
Dietary Supplements	2	0	0.0	2	1.0
Dietetics	11	2	0.18181818181818185	9	0.8181818181818182
Diffusion of Innovation	1	0	0.0	1	1.0
Digestive System	8	0	0.0	8	1.0
Digestive System Diseases	15	3	0.2	12	0.8
Digestive System Physiological Phenomena	2	0	0.0	2	1.0
Digestive System Surgical Procedures	4	2	0.5	2	0.5
Disabled Children	2	0	0.0	2	1.0
Disabled Persons	22	1	0.045454545454545456	21	0.9545454545454546
Disaster Medicine	1	1	1.0	0	0.0
Disaster Planning	4	2	0.5	2	0.5
Disasters	7	1	0.14285714285714285	6	0.8571428571428571
Disease	10	2	0.2	8	0.8
Disease Management	5	0	0.0	5	1.0
Disease Models, Animal	3	0	0.0	3	1.0
Disease Outbreaks	7	1	0.14285714285714285	6	0.8571428571428571
Disease Susceptibility	3	1	0.3333333333333333	2	0.6666666666666666
Disease Vectors	2	0	0.0	2	1.0
Dissociative Disorders	1	0	0.0	1	1.0
District of Columbia	1	0	0.0	1	1.0
Diving	2	2	1.0	0	0.0
Divorce	3	1	0.3333333333333333	2	0.6666666666666666
Documentation	4	0	0.0	4	1.0
Dominican Republic	1	0	0.0	1	1.0
Dosage Forms	2	0	0.0	2	1.0
Dose-Response Relationship, Drug	1	0	0.0	1	1.0
Down Syndrome	1	0	0.0	1	1.0
Dreams	1	0	0.0	1	1.0
Drosophila	1	0	0.0	1	1.0
Drug Administration Routes	4	0	0.0	4	1.0
Drug Approval	1	0	0.0	1	1.0
Drug Carriers	1	0	0.0	1	1.0
Drug Compounding	2	1	0.5	1	0.5
Drug Delivery Systems	24	0	0.0	24	1.0
Drug Design	33	0	0.0	33	1.0
Drug Discovery	8	1	0.125	7	0.875
Drug Eruptions	1	1	1.0	0	0.0
Drug Evaluation	17	1	0.05882352941176471	16	0.9411764705882353
Drug Evaluation, Preclinical	4	0	0.0	4	1.0
Drug Industry	24	1	0.04166666666666666	23	0.9583333333333334
Drug Interactions	6	0	0.0	6	1.0
Drug Resistance	3	0	0.0	3	1.0
Drug Resistance, Microbial	2	0	0.0	2	1.0
Drug Stability	1	0	0.0	1	1.0
Drug Therapy	99	6	0.060606060606060615	93	0.9393939393939394
Drug Utilization	1	0	0.0	1	1.0
Drug and Narcotic Control	2	0	0.0	2	1.0
Drug-Related Side Effects and Adverse Reactions	16	1	0.0625	15	0.9375
Drugs, Chinese Herbal	1	0	0.0	1	1.0
Drugs, Investigational	8	0	0.0	8	1.0
Dust	2	0	0.0	2	1.0
Dyslexia	2	0	0.0	2	1.0
Ear	3	0	0.0	3	1.0
Ear Diseases	1	0	0.0	1	1.0
Echocardiography	7	0	0.0	7	1.0
Eclecticism, Historical	1	0	0.0	1	1.0
Ecological Systems, Closed	3	1	0.3333333333333333	2	0.6666666666666666
Ecological and Environmental Phenomena	3	0	0.0	3	1.0
Ecology	38	3	0.07894736842105263	35	0.9210526315789473
Economics	5	0	0.0	5	1.0
Economics, Dental	2	0	0.0	2	1.0
Economics, Hospital	17	0	0.0	17	1.0
Economics, Medical	31	0	0.0	31	1.0
Economics, Nursing	1	0	0.0	1	1.0
Economics, Pharmaceutical	4	0	0.0	4	1.0
Ecosystem	4	0	0.0	4	1.0
Ecotoxicology	1	1	1.0	0	0.0
Ecuador	2	0	0.0	2	1.0
Education	11	0	0.0	11	1.0
Education, Continuing	4	0	0.0	4	1.0
Education, Dental	11	0	0.0	11	1.0
Education, Dental, Graduate	1	0	0.0	1	1.0
Education, Medical	40	2	0.05	38	0.95
Education, Medical, Continuing	5	1	0.2	4	0.8
Education, Medical, Graduate	3	1	0.3333333333333333	2	0.6666666666666666
Education, Medical, Undergraduate	1	0	0.0	1	1.0
Education, Nursing	34	1	0.029411764705882356	33	0.9705882352941176
Education, Nursing, Associate	2	0	0.0	2	1.0
Education, Nursing, Continuing	5	0	0.0	5	1.0
Education, Pharmacy	1	0	0.0	1	1.0
Education, Professional	1	0	0.0	1	1.0
Education, Special	3	0	0.0	3	1.0
Education, Veterinary	1	0	0.0	1	1.0
Efficiency	1	0	0.0	1	1.0
Egypt	1	0	0.0	1	1.0
Elbow	1	0	0.0	1	1.0
Elder Abuse	1	0	0.0	1	1.0
Electric Injuries	1	0	0.0	1	1.0
Electric Stimulation	1	0	0.0	1	1.0
Electric Stimulation Therapy	5	0	0.0	5	1.0
Electricity	1	0	0.0	1	1.0
Electrocardiography	4	0	0.0	4	1.0
Electrocardiography, Ambulatory	1	0	0.0	1	1.0
Electrochemistry	2	0	0.0	2	1.0
Electroconvulsive Therapy	1	0	0.0	1	1.0
Electrodiagnosis	4	0	0.0	4	1.0
Electroencephalography	11	0	0.0	11	1.0
Electrolytes	2	0	0.0	2	1.0
Electromagnetic Fields	1	0	0.0	1	1.0
Electromagnetic Phenomena	2	0	0.0	2	1.0
Electromyography	4	0	0.0	4	1.0
Electron Probe Microanalysis	1	0	0.0	1	1.0
Electronic Data Processing	11	0	0.0	11	1.0
Electronics	7	0	0.0	7	1.0
Electronics, Medical	15	0	0.0	15	1.0
Electrophoresis	11	1	0.09090909090909093	10	0.9090909090909091
Electrophoresis, Capillary	1	0	0.0	1	1.0
Electrophoresis, Microchip	1	0	0.0	1	1.0
Electrophysiologic Techniques, Cardiac	2	0	0.0	2	1.0
Electrophysiology	10	0	0.0	10	1.0
Emaciation	1	0	0.0	1	1.0
Embryo Transfer	2	0	0.0	2	1.0
Embryo, Mammalian	1	0	0.0	1	1.0
Embryology	36	2	0.05555555555555555	34	0.9444444444444444
Embryonic Development	4	0	0.0	4	1.0
Emergencies	29	3	0.10344827586206896	26	0.896551724137931
Emergency Medical Services	31	2	0.06451612903225806	29	0.9354838709677419
Emergency Medical Technicians	1	0	0.0	1	1.0
Emergency Medicine	25	3	0.12	22	0.88
Emergency Nursing	6	1	0.16666666666666666	5	0.8333333333333334
Emergency Service, Hospital	4	0	0.0	4	1.0
Emergency Services, Psychiatric	1	0	0.0	1	1.0
Emergency Treatment	8	2	0.25	6	0.75
Emigration and Immigration	2	0	0.0	2	1.0
Emotions	2	0	0.0	2	1.0
Empirical Research	1	0	0.0	1	1.0
Employment	2	0	0.0	2	1.0
Endocrine Glands	14	1	0.07142857142857142	13	0.9285714285714286
Endocrine System	4	1	0.25	3	0.75
Endocrine System Diseases	46	4	0.08695652173913042	42	0.9130434782608695
Endocrinology	66	5	0.07575757575757576	61	0.9242424242424242
Endodontics	16	1	0.0625	15	0.9375
Endoscopes	2	0	0.0	2	1.0
Endoscopy	17	1	0.05882352941176471	16	0.9411764705882353
Endoscopy, Gastrointestinal	1	0	0.0	1	1.0
Endothelium	2	0	0.0	2	1.0
Endotoxins	2	0	0.0	2	1.0
Energy Metabolism	2	0	0.0	2	1.0
Engineering	12	1	0.08333333333333333	11	0.9166666666666666
England	2	1	0.5	1	0.5
Enteral Nutrition	3	0	0.0	3	1.0
Enteric Nervous System	1	1	1.0	0	0.0
Enterobacteriaceae	1	1	1.0	0	0.0
Enterostomy	1	0	0.0	1	1.0
Entomology	15	1	0.06666666666666668	14	0.9333333333333333
Environment	27	0	0.0	27	1.0
Environmental Exposure	24	0	0.0	24	1.0
Environmental Health	81	6	0.07407407407407407	75	0.9259259259259259
Environmental Illness	2	0	0.0	2	1.0
Environmental Medicine	1	0	0.0	1	1.0
Environmental Microbiology	11	0	0.0	11	1.0
Environmental Monitoring	8	0	0.0	8	1.0
Environmental Pollutants	32	1	0.03125	31	0.96875
Environmental Pollution	29	2	0.06896551724137931	27	0.9310344827586207
Enzyme Inhibitors	2	0	0.0	2	1.0
Enzymes	16	2	0.125	14	0.875
Epidemiologic Measurements	1	1	1.0	0	0.0
Epidemiologic Methods	4	1	0.25	3	0.75
Epidemiology	61	5	0.08196721311475409	56	0.9180327868852459
Epigenesis, Genetic	4	0	0.0	4	1.0
Epilepsy	8	0	0.0	8	1.0
Epithelium	1	0	0.0	1	1.0
Equipment Contamination	1	0	0.0	1	1.0
Equipment Design	1	0	0.0	1	1.0
Equipment and Supplies	45	1	0.022222222222222227	44	0.9777777777777777
Equipment and Supplies, Hospital	10	1	0.1	9	0.9
Erectile Dysfunction	1	0	0.0	1	1.0
Ergonomics	16	1	0.0625	15	0.9375
Erythrocytes	1	0	0.0	1	1.0
Escherichia coli	1	1	1.0	0	0.0
Esophageal Diseases	2	0	0.0	2	1.0
Esophagoscopy	1	0	0.0	1	1.0
Esophagus	3	0	0.0	3	1.0
Esthetics	1	0	0.0	1	1.0
Esthetics, Dental	11	1	0.09090909090909093	10	0.9090909090909091
Estrogen Replacement Therapy	1	0	0.0	1	1.0
Ethanol	5	0	0.0	5	1.0
Ethics	12	0	0.0	12	1.0
Ethics, Clinical	2	0	0.0	2	1.0
Ethics, Dental	1	0	0.0	1	1.0
Ethics, Institutional	3	0	0.0	3	1.0
Ethics, Medical	37	2	0.054054054054054064	35	0.9459459459459459
Ethics, Nursing	2	0	0.0	2	1.0
Ethics, Professional	2	0	0.0	2	1.0
Ethics, Research	2	1	0.5	1	0.5
Ethiopia	1	0	0.0	1	1.0
Ethnic Groups	5	1	0.2	4	0.8
Ethnicity	2	0	0.0	2	1.0
Ethnology	3	0	0.0	3	1.0
Ethnopsychology	1	0	0.0	1	1.0
Ethology	12	0	0.0	12	1.0
Eugenics	9	0	0.0	9	1.0
Eukaryota	6	0	0.0	6	1.0
Eukaryotic Cells	5	0	0.0	5	1.0
Europe	11	1	0.09090909090909093	10	0.9090909090909091
Evaluation Studies as Topic	12	2	0.16666666666666666	10	0.8333333333333334
Evidence-Based Emergency Medicine	1	1	1.0	0	0.0
Evidence-Based Medicine	26	4	0.15384615384615385	22	0.8461538461538461
Evolution, Molecular	8	0	0.0	8	1.0
Excipients	1	1	1.0	0	0.0
Exercise	11	1	0.09090909090909093	10	0.9090909090909091
Exercise Therapy	4	1	0.25	3	0.75
Existentialism	1	0	0.0	1	1.0
Exobiology	2	0	0.0	2	1.0
Expert Systems	1	0	0.0	1	1.0
Expert Testimony	1	0	0.0	1	1.0
Explosions	1	0	0.0	1	1.0
Extracellular Matrix	1	0	0.0	1	1.0
Extrachromosomal Inheritance	1	0	0.0	1	1.0
Extracorporeal Circulation	2	1	0.5	1	0.5
Extraterrestrial Environment	10	1	0.1	9	0.9
Extremities	1	0	0.0	1	1.0
Eye	5	0	0.0	5	1.0
Eye Diseases	57	6	0.10526315789473684	51	0.8947368421052632
Eye Injuries	1	0	0.0	1	1.0
Eye Manifestations	4	0	0.0	4	1.0
Eye Movements	1	0	0.0	1	1.0
Face	19	0	0.0	19	1.0
Facial Bones	4	0	0.0	4	1.0
Facial Muscles	1	0	0.0	1	1.0
Facial Pain	3	0	0.0	3	1.0
Facility Design and Construction	5	0	0.0	5	1.0
Family	6	0	0.0	6	1.0
Family Characteristics	1	0	0.0	1	1.0
Family Health	6	0	0.0	6	1.0
Family Planning Services	24	1	0.04166666666666666	23	0.9583333333333334
Family Practice	38	6	0.15789473684210525	32	0.8421052631578947
Family Relations	1	0	0.0	1	1.0
Family Therapy	2	0	0.0	2	1.0
Far East	1	0	0.0	1	1.0
Fats	2	0	0.0	2	1.0
Fatty Acids	1	0	0.0	1	1.0
Fatty Acids, Unsaturated	2	0	0.0	2	1.0
Fecal Incontinence	1	0	0.0	1	1.0
Fee Schedules	1	0	0.0	1	1.0
Feeding Behavior	5	0	0.0	5	1.0
Feeding and Eating Disorders	5	0	0.0	5	1.0
Fees and Charges	1	0	0.0	1	1.0
Fees, Medical	3	0	0.0	3	1.0
Female Urogenital Diseases	9	1	0.1111111111111111	8	0.8888888888888888
Fertility	25	2	0.08	23	0.92
Fertilization	1	0	0.0	1	1.0
Fertilization in Vitro	2	0	0.0	2	1.0
Fetal Development	4	0	0.0	4	1.0
Fetal Diseases	11	1	0.09090909090909093	10	0.9090909090909091
Fetus	9	1	0.1111111111111111	8	0.8888888888888888
Fibrinolysis	2	0	0.0	2	1.0
Financial Management	8	0	0.0	8	1.0
Financial Management, Hospital	3	0	0.0	3	1.0
Financing, Government	3	0	0.0	3	1.0
Financing, Organized	4	0	0.0	4	1.0
Financing, Personal	1	0	0.0	1	1.0
Finland	5	0	0.0	5	1.0
First Aid	1	0	0.0	1	1.0
Fish Diseases	2	1	0.5	1	0.5
Fisheries	1	0	0.0	1	1.0
Fishes	4	1	0.25	3	0.75
Florida	5	0	0.0	5	1.0
Flow Cytometry	5	0	0.0	5	1.0
Fluid Therapy	3	0	0.0	3	1.0
Fluorescence	2	0	0.0	2	1.0
Fluoridation	1	0	0.0	1	1.0
Food	39	3	0.07692307692307693	36	0.9230769230769231
Food Additives	8	2	0.25	6	0.75
Food Analysis	12	4	0.3333333333333333	8	0.6666666666666666
Food Contamination	8	1	0.125	7	0.875
Food Handling	1	0	0.0	1	1.0
Food Industry	2	0	0.0	2	1.0
Food Inspection	2	1	0.5	1	0.5
Food Microbiology	6	1	0.16666666666666666	5	0.8333333333333334
Food Parasitology	1	0	0.0	1	1.0
Food Preservation	1	0	0.0	1	1.0
Food Service, Hospital	4	0	0.0	4	1.0
Food Services	1	0	0.0	1	1.0
Food Supply	3	1	0.3333333333333333	2	0.6666666666666666
Food Technology	8	1	0.125	7	0.875
Food, Genetically Modified	1	0	0.0	1	1.0
Food-Processing Industry	9	0	0.0	9	1.0
Foodborne Diseases	1	0	0.0	1	1.0
Foot	7	0	0.0	7	1.0
Foot Deformities	1	0	0.0	1	1.0
Foot Diseases	6	0	0.0	6	1.0
Foot Injuries	3	0	0.0	3	1.0
Forensic Dentistry	3	1	0.3333333333333333	2	0.6666666666666666
Forensic Genetics	1	0	0.0	1	1.0
Forensic Medicine	32	3	0.09375	29	0.90625
Forensic Psychiatry	7	1	0.14285714285714285	6	0.8571428571428571
Forensic Toxicology	1	0	0.0	1	1.0
Forms and Records Control	2	0	0.0	2	1.0
Foundations	3	0	0.0	3	1.0
Frail Elderly	1	0	0.0	1	1.0
France	9	0	0.0	9	1.0
Free Radicals	6	0	0.0	6	1.0
Freeze Drying	1	0	0.0	1	1.0
Freezing	1	1	1.0	0	0.0
Frontotemporal Lobar Degeneration	1	0	0.0	1	1.0
Functional Laterality	1	0	0.0	1	1.0
Fund Raising	5	0	0.0	5	1.0
Fungi	13	0	0.0	13	1.0
GTP Phosphohydrolases	1	0	0.0	1	1.0
Gait	1	0	0.0	1	1.0
Gambling	1	0	0.0	1	1.0
Gases	2	0	0.0	2	1.0
Gastroenterology	65	5	0.07692307692307693	60	0.9230769230769231
Gastrointestinal Diseases	39	2	0.05128205128205128	37	0.9487179487179487
Gastrointestinal Motility	1	1	1.0	0	0.0
Gastrointestinal Neoplasms	2	0	0.0	2	1.0
Gastrointestinal Tract	1	0	0.0	1	1.0
Gastroscopy	1	0	0.0	1	1.0
Gene Amplification	2	0	0.0	2	1.0
Gene Editing	1	0	0.0	1	1.0
Gene Expression	6	1	0.16666666666666666	5	0.8333333333333334
Gene Expression Regulation	6	1	0.16666666666666666	5	0.8333333333333334
Gene Expression Regulation, Developmental	1	0	0.0	1	1.0
Gene Expression Regulation, Plant	1	0	0.0	1	1.0
Gene Frequency	1	0	0.0	1	1.0
Gene Library	1	0	0.0	1	1.0
Gene Rearrangement	1	0	0.0	1	1.0
Gene Transfer Techniques	4	0	0.0	4	1.0
General Practice	2	1	0.5	1	0.5
General Practice, Dental	2	1	0.5	1	0.5
General Surgery	276	12	0.043478260869565216	264	0.9565217391304348
Genes	10	0	0.0	10	1.0
Genes, Regulator	1	0	0.0	1	1.0
Genes, Viral	1	0	0.0	1	1.0
Genetic Code	1	0	0.0	1	1.0
Genetic Counseling	3	0	0.0	3	1.0
Genetic Diseases, Inborn	8	1	0.125	7	0.875
Genetic Engineering	18	0	0.0	18	1.0
Genetic Markers	2	0	0.0	2	1.0
Genetic Phenomena	13	1	0.07692307692307693	12	0.9230769230769231
Genetic Research	2	0	0.0	2	1.0
Genetic Techniques	22	0	0.0	22	1.0
Genetic Testing	3	0	0.0	3	1.0
Genetic Therapy	17	0	0.0	17	1.0
Genetics	63	3	0.047619047619047616	60	0.9523809523809523
Genetics, Behavioral	3	0	0.0	3	1.0
Genetics, Medical	45	1	0.022222222222222227	44	0.9777777777777777
Genetics, Microbial	3	0	0.0	3	1.0
Genetics, Population	1	0	0.0	1	1.0
Genital Diseases, Female	39	2	0.05128205128205128	37	0.9487179487179487
Genital Diseases, Male	11	2	0.18181818181818185	9	0.8181818181818182
Genital Neoplasms, Female	5	0	0.0	5	1.0
Genital Neoplasms, Male	1	0	0.0	1	1.0
Genitalia, Female	3	0	0.0	3	1.0
Genitalia, Male	6	0	0.0	6	1.0
Genome	11	0	0.0	11	1.0
Genome, Human	3	0	0.0	3	1.0
Genome, Microbial	1	0	0.0	1	1.0
Genome, Plant	1	0	0.0	1	1.0
Genomic Library	1	0	0.0	1	1.0
Genomics	42	1	0.023809523809523808	41	0.9761904761904762
Geographic Information Systems	2	0	0.0	2	1.0
Geography	2	0	0.0	2	1.0
Geology	2	0	0.0	2	1.0
Georgia	3	0	0.0	3	1.0
Geriatric Dentistry	4	0	0.0	4	1.0
Geriatric Nursing	10	0	0.0	10	1.0
Geriatric Psychiatry	4	0	0.0	4	1.0
Geriatrics	69	4	0.05797101449275361	65	0.9420289855072463
Germ Cells	2	0	0.0	2	1.0
Germany	6	0	0.0	6	1.0
Germany, West	4	0	0.0	4	1.0
Glaucoma	3	0	0.0	3	1.0
Global Health	21	0	0.0	21	1.0
Glycerides	1	0	0.0	1	1.0
Glycolipids	1	0	0.0	1	1.0
Glycoproteins	1	0	0.0	1	1.0
Gold Alloys	1	0	0.0	1	1.0
Gonadal Steroid Hormones	1	0	0.0	1	1.0
Government	5	0	0.0	5	1.0
Government Agencies	1	0	0.0	1	1.0
Government Programs	1	0	0.0	1	1.0
Granuloma	2	0	0.0	2	1.0
Gravitation	2	0	0.0	2	1.0
Greece	2	0	0.0	2	1.0
Group Practice	9	0	0.0	9	1.0
Growth	23	2	0.08695652173913042	21	0.9130434782608695
Growth Disorders	2	0	0.0	2	1.0
Growth Hormone	1	0	0.0	1	1.0
Growth Substances	6	0	0.0	6	1.0
Growth and Development	1	0	0.0	1	1.0
Guided Tissue Regeneration	3	0	0.0	3	1.0
Guyana	1	0	0.0	1	1.0
Gymnastics	1	0	0.0	1	1.0
Gynecologic Surgical Procedures	1	0	0.0	1	1.0
Gynecology	128	4	0.03125	124	0.96875
HIV	1	0	0.0	1	1.0
HIV Infections	54	2	0.037037037037037035	52	0.9629629629629629
HLA Antigens	1	0	0.0	1	1.0
HLA-D Antigens	2	0	0.0	2	1.0
Hallucinogens	2	0	0.0	2	1.0
Hand	18	1	0.05555555555555555	17	0.9444444444444444
Hand Deformities	2	0	0.0	2	1.0
Hand Injuries	4	1	0.25	3	0.75
Handwriting	1	0	0.0	1	1.0
Harm Reduction	1	0	0.0	1	1.0
Harmful Algal Bloom	1	0	0.0	1	1.0
Hawaii	6	1	0.16666666666666666	5	0.8333333333333334
Hazardous Substances	6	0	0.0	6	1.0
Hazardous Waste	5	0	0.0	5	1.0
Head	14	2	0.14285714285714285	12	0.8571428571428571
Head and Neck Neoplasms	1	0	0.0	1	1.0
Headache	9	0	0.0	9	1.0
Health	37	1	0.027027027027027032	36	0.972972972972973
Health Behavior	5	0	0.0	5	1.0
Health Care Costs	12	0	0.0	12	1.0
Health Care Reform	4	1	0.25	3	0.75
Health Care Sector	4	1	0.25	3	0.75
Health Education	35	0	0.0	35	1.0
Health Education, Dental	2	0	0.0	2	1.0
Health Equity	1	1	1.0	0	0.0
Health Expenditures	2	0	0.0	2	1.0
Health Facilities	10	0	0.0	10	1.0
Health Facility Administration	14	0	0.0	14	1.0
Health Facility Administrators	1	0	0.0	1	1.0
Health Facility Environment	6	0	0.0	6	1.0
Health Facility Planning	3	0	0.0	3	1.0
Health Inequities	1	1	1.0	0	0.0
Health Knowledge, Attitudes, Practice	3	1	0.3333333333333333	2	0.6666666666666666
Health Literacy	1	0	0.0	1	1.0
Health Maintenance Organizations	9	0	0.0	9	1.0
Health Occupations	12	0	0.0	12	1.0
Health Personnel	8	0	0.0	8	1.0
Health Physics	7	1	0.14285714285714285	6	0.8571428571428571
Health Planning	19	0	0.0	19	1.0
Health Planning Support	4	0	0.0	4	1.0
Health Policy	65	3	0.04615384615384616	62	0.9538461538461539
Health Promotion	26	3	0.1153846153846154	23	0.8846153846153846
Health Resorts	2	1	0.5	1	0.5
Health Resources	4	0	0.0	4	1.0
Health Services	46	1	0.021739130434782608	45	0.9782608695652174
Health Services Accessibility	11	0	0.0	11	1.0
Health Services Administration	36	1	0.027777777777777776	35	0.9722222222222222
Health Services Needs and Demand	1	0	0.0	1	1.0
Health Services Research	20	0	0.0	20	1.0
Health Services for the Aged	15	1	0.06666666666666668	14	0.9333333333333333
Health Status	4	0	0.0	4	1.0
Health Status Indicators	6	0	0.0	6	1.0
Health Surveys	10	5	0.5	5	0.5
Health Systems Agencies	1	0	0.0	1	1.0
Health Systems Plans	1	0	0.0	1	1.0
Health Workforce	18	0	0.0	18	1.0
Healthcare Disparities	4	0	0.0	4	1.0
Healthy Aging	1	0	0.0	1	1.0
Hearing	15	0	0.0	15	1.0
Hearing Aids	3	0	0.0	3	1.0
Hearing Disorders	24	0	0.0	24	1.0
Hearing Loss, Noise-Induced	1	0	0.0	1	1.0
Heart	15	0	0.0	15	1.0
Heart Arrest	1	0	0.0	1	1.0
Heart Defects, Congenital	3	0	0.0	3	1.0
Heart Diseases	20	2	0.1	18	0.9
Heart Failure	10	0	0.0	10	1.0
Heart Function Tests	2	0	0.0	2	1.0
Heart Transplantation	2	0	0.0	2	1.0
Heart Valve Diseases	1	0	0.0	1	1.0
Heat-Shock Response	1	0	0.0	1	1.0
Helicobacter	1	0	0.0	1	1.0
Helicobacter Infections	1	0	0.0	1	1.0
Helminths	2	0	0.0	2	1.0
Hematologic Agents	4	0	0.0	4	1.0
Hematologic Diseases	31	4	0.12903225806451613	27	0.8709677419354839
Hematologic Neoplasms	5	1	0.2	4	0.8
Hematologic Tests	3	1	0.3333333333333333	2	0.6666666666666666
Hematology	61	5	0.08196721311475409	56	0.9180327868852459
Hematopoietic Stem Cell Transplantation	5	0	0.0	5	1.0
Hematopoietic Stem Cells	4	0	0.0	4	1.0
Hematopoietic System	1	0	0.0	1	1.0
Hemodialysis, Home	1	0	0.0	1	1.0
Hemodynamics	1	0	0.0	1	1.0
Hemoglobins	1	0	0.0	1	1.0
Hemophilia A	1	0	0.0	1	1.0
Hemorheology	1	0	0.0	1	1.0
Hemorrhage	2	0	0.0	2	1.0
Hemorrhagic Disorders	2	0	0.0	2	1.0
Hemostasis	13	0	0.0	13	1.0
Hepatitis, Viral, Animal	1	0	0.0	1	1.0
Hepatitis, Viral, Human	1	0	0.0	1	1.0
Herbal Medicine	6	0	0.0	6	1.0
Hernia	1	0	0.0	1	1.0
Herpesviridae Infections	1	0	0.0	1	1.0
Heterocyclic Compounds	1	0	0.0	1	1.0
Higher Nervous Activity	3	0	0.0	3	1.0
Hip	2	0	0.0	2	1.0
Hip Joint	2	0	0.0	2	1.0
Hippocampus	1	0	0.0	1	1.0
Hispanic Americans	1	1	1.0	0	0.0
Histamine	1	0	0.0	1	1.0
Histocompatibility Antigens	1	0	0.0	1	1.0
Histocompatibility Testing	1	0	0.0	1	1.0
Histocytochemistry	24	0	0.0	24	1.0
Histological Techniques	5	0	0.0	5	1.0
Histology	27	1	0.037037037037037035	26	0.9629629629629629
History	7	0	0.0	7	1.0
History of Dentistry	6	1	0.16666666666666666	5	0.8333333333333334
History of Medicine	89	3	0.033707865168539325	86	0.9662921348314607
History of Nursing	6	1	0.16666666666666666	5	0.8333333333333334
History of Pharmacy	13	0	0.0	13	1.0
History, Ancient	1	0	0.0	1	1.0
History, Modern 1601-	1	0	0.0	1	1.0
Holistic Health	7	0	0.0	7	1.0
Holistic Nursing	1	0	0.0	1	1.0
Home Care Agencies	2	0	0.0	2	1.0
Home Care Services	16	0	0.0	16	1.0
Home Health Nursing	1	0	0.0	1	1.0
Home Nursing	1	0	0.0	1	1.0
Homeopathy	12	0	0.0	12	1.0
Homeostasis	5	0	0.0	5	1.0
Homes for the Aged	2	0	0.0	2	1.0
Homicide	1	0	0.0	1	1.0
Homosexuality	2	0	0.0	2	1.0
Homosexuality, Female	1	0	0.0	1	1.0
Hormones	25	1	0.04	24	0.96
Horse Diseases	4	0	0.0	4	1.0
Horses	1	0	0.0	1	1.0
Hospice Care	3	0	0.0	3	1.0
Hospices	3	0	0.0	3	1.0
Hospital Administration	69	0	0.0	69	1.0
Hospital Departments	7	0	0.0	7	1.0
Hospital Design and Construction	5	0	0.0	5	1.0
Hospital Information Systems	2	1	0.5	1	0.5
Hospital Records	1	0	0.0	1	1.0
Hospital Restructuring	1	0	0.0	1	1.0
Hospital Volunteers	1	0	0.0	1	1.0
Hospital-Patient Relations	1	0	0.0	1	1.0
Hospital-Physician Joint Ventures	3	0	0.0	3	1.0
Hospital-Physician Relations	1	0	0.0	1	1.0
Hospitalists	3	0	0.0	3	1.0
Hospitalization	2	0	0.0	2	1.0
Hospitals	83	0	0.0	83	1.0
Hospitals, Chronic Disease	1	0	0.0	1	1.0
Hospitals, General	1	0	0.0	1	1.0
Hospitals, Military	2	0	0.0	2	1.0
Hospitals, Osteopathic	2	0	0.0	2	1.0
Hospitals, Psychiatric	7	0	0.0	7	1.0
Hospitals, Special	5	0	0.0	5	1.0
Hospitals, State	1	0	0.0	1	1.0
Hospitals, Teaching	2	0	0.0	2	1.0
Hospitals, Urban	1	0	0.0	1	1.0
Host-Parasite Interactions	4	1	0.25	3	0.75
Housekeeping	1	0	0.0	1	1.0
Human Development	6	0	0.0	6	1.0
Human Experimentation	4	1	0.25	3	0.75
Human Rights	5	0	0.0	5	1.0
Humanism	1	0	0.0	1	1.0
Humanities	6	0	0.0	6	1.0
Hungary	4	0	0.0	4	1.0
Huntington Disease	1	0	0.0	1	1.0
Hybrid Cells	2	0	0.0	2	1.0
Hybridomas	5	0	0.0	5	1.0
Hydrotherapy	5	0	0.0	5	1.0
Hygiene	41	2	0.04878048780487805	39	0.9512195121951219
Hyperbaric Oxygenation	2	2	1.0	0	0.0
Hyperkinesis	1	0	0.0	1	1.0
Hyperlipidemias	1	0	0.0	1	1.0
Hypersensitivity	61	6	0.09836065573770493	55	0.9016393442622951
Hypertension	24	0	0.0	24	1.0
Hypertension, Pregnancy-Induced	1	0	0.0	1	1.0
Hypertension, Renal	2	0	0.0	2	1.0
Hyperthermia, Induced	1	0	0.0	1	1.0
Hypnosis	4	0	0.0	4	1.0
Hypothermia, Induced	2	0	0.0	2	1.0
Iceland	3	0	0.0	3	1.0
Idaho	2	0	0.0	2	1.0
Ileostomy	2	0	0.0	2	1.0
Illinois	3	0	0.0	3	1.0
Image Cytometry	1	0	0.0	1	1.0
Image Enhancement	2	0	0.0	2	1.0
Image Interpretation, Computer-Assisted	1	0	0.0	1	1.0
Image Processing, Computer-Assisted	9	0	0.0	9	1.0
Immune System	16	2	0.125	14	0.875
Immune System Diseases	31	3	0.0967741935483871	28	0.9032258064516129
Immune System Phenomena	8	0	0.0	8	1.0
Immunity	43	5	0.11627906976744184	38	0.8837209302325582
Immunity, Cellular	8	0	0.0	8	1.0
Immunity, Innate	4	0	0.0	4	1.0
Immunity, Mucosal	1	0	0.0	1	1.0
Immunization	1	0	0.0	1	1.0
Immunization Programs	1	0	0.0	1	1.0
Immunization, Passive	4	0	0.0	4	1.0
Immunoassay	2	0	0.0	2	1.0
Immunochemistry	5	1	0.2	4	0.8
Immunogenetic Phenomena	1	0	0.0	1	1.0
Immunogenetics	7	0	0.0	7	1.0
Immunohistochemistry	1	0	0.0	1	1.0
Immunologic Deficiency Syndromes	2	0	0.0	2	1.0
Immunologic Factors	1	0	0.0	1	1.0
Immunologic Techniques	10	0	0.0	10	1.0
Immunologic Tests	4	0	0.0	4	1.0
Immunosuppression	1	0	0.0	1	1.0
Immunotherapy	20	1	0.05	19	0.95
Immunotherapy, Active	1	0	0.0	1	1.0
Immunotherapy, Adoptive	1	0	0.0	1	1.0
Implementation Science	1	1	1.0	0	0.0
India	14	1	0.07142857142857142	13	0.9285714285714286
Indiana	2	0	0.0	2	1.0
Indians, North American	3	1	0.3333333333333333	2	0.6666666666666666
Indonesia	1	0	0.0	1	1.0
Industrial Microbiology	1	0	0.0	1	1.0
Industrial Waste	2	0	0.0	2	1.0
Industry	1	0	0.0	1	1.0
Infant	99	2	0.020202020202020204	97	0.9797979797979798
Infant Care	8	0	0.0	8	1.0
Infant Nutrition Disorders	1	0	0.0	1	1.0
Infant Nutritional Physiological Phenomena	3	0	0.0	3	1.0
Infant Welfare	1	0	0.0	1	1.0
Infant, Newborn	9	1	0.1111111111111111	8	0.8888888888888888
Infant, Newborn, Diseases	18	1	0.05555555555555555	17	0.9444444444444444
Infection Control	11	1	0.09090909090909093	10	0.9090909090909091
Infections	25	1	0.04	24	0.96
Infertility	6	3	0.5	3	0.5
Infertility, Male	3	0	0.0	3	1.0
Inflammation	16	0	0.0	16	1.0
Inflammatory Bowel Diseases	2	0	0.0	2	1.0
Influenza, Human	1	0	0.0	1	1.0
Informatics	2	0	0.0	2	1.0
Information Dissemination	1	0	0.0	1	1.0
Information Management	3	1	0.3333333333333333	2	0.6666666666666666
Information Services	4	0	0.0	4	1.0
Information Storage and Retrieval	3	0	0.0	3	1.0
Information Systems	19	1	0.05263157894736842	18	0.9473684210526315
Information Theory	2	0	0.0	2	1.0
Informed Consent	2	1	0.5	1	0.5
Infusions, Parenteral	17	1	0.05882352941176471	16	0.9411764705882353
Inhalation Exposure	1	0	0.0	1	1.0
Injections	3	0	0.0	3	1.0
Insect Control	1	0	0.0	1	1.0
Insect Vectors	1	0	0.0	1	1.0
Insecta	8	0	0.0	8	1.0
Insecticides	2	0	0.0	2	1.0
Inservice Training	3	0	0.0	3	1.0
Instinct	1	0	0.0	1	1.0
Insurance	3	0	0.0	3	1.0
Insurance Benefits	1	0	0.0	1	1.0
Insurance Claim Reporting	1	0	0.0	1	1.0
Insurance Claim Review	1	0	0.0	1	1.0
Insurance, Accident	1	0	0.0	1	1.0
Insurance, Dental	2	0	0.0	2	1.0
Insurance, Health	33	2	0.060606060606060615	31	0.9393939393939394
Insurance, Hospitalization	1	0	0.0	1	1.0
Insurance, Liability	1	0	0.0	1	1.0
Insurance, Life	12	0	0.0	12	1.0
Insurance, Pharmaceutical Services	1	0	0.0	1	1.0
Integrative Medicine	3	0	0.0	3	1.0
Intellectual Disability	22	0	0.0	22	1.0
Intelligence	1	0	0.0	1	1.0
Intensive Care Units	11	0	0.0	11	1.0
Intensive Care Units, Pediatric	1	0	0.0	1	1.0
Intensive Care, Neonatal	2	0	0.0	2	1.0
Interferons	4	0	0.0	4	1.0
Interior Design and Furnishings	3	0	0.0	3	1.0
Internal Medicine	47	6	0.1276595744680851	41	0.8723404255319149
International Cooperation	6	0	0.0	6	1.0
Internationality	1	0	0.0	1	1.0
Internet	4	0	0.0	4	1.0
Internship and Residency	2	1	0.5	1	0.5
Interpersonal Relations	4	0	0.0	4	1.0
Interprofessional Relations	2	0	0.0	2	1.0
Intestines	1	0	0.0	1	1.0
Intracellular Membranes	1	0	0.0	1	1.0
Intraoperative Care	1	0	0.0	1	1.0
Intrauterine Devices	1	0	0.0	1	1.0
Inuit	1	0	0.0	1	1.0
Inuits	3	1	0.3333333333333333	2	0.6666666666666666
Invertebrates	4	1	0.25	3	0.75
Investigational New Drug Application	1	0	0.0	1	1.0
Ion Channels	3	0	0.0	3	1.0
Ion Exchange	1	0	0.0	1	1.0
Ions	5	1	0.2	4	0.8
Iran	1	0	0.0	1	1.0
Iraq	1	0	0.0	1	1.0
Ireland	5	0	0.0	5	1.0
Islets of Langerhans	1	0	0.0	1	1.0
Isoenzymes	1	0	0.0	1	1.0
Isomerism	1	0	0.0	1	1.0
Isotopes	1	0	0.0	1	1.0
Israel	3	1	0.3333333333333333	2	0.6666666666666666
Italy	14	1	0.07142857142857142	13	0.9285714285714286
Jamaica	1	0	0.0	1	1.0
Japan	9	1	0.1111111111111111	8	0.8888888888888888
Jaw	1	0	0.0	1	1.0
Jaw Abnormalities	2	0	0.0	2	1.0
Jews	1	0	0.0	1	1.0
Job Satisfaction	1	0	0.0	1	1.0
Joint Diseases	11	3	0.2727272727272727	8	0.7272727272727273
Jurisprudence	74	5	0.06756756756756757	69	0.9324324324324325
Juvenile Delinquency	2	0	0.0	2	1.0
Kazakhstan	1	0	0.0	1	1.0
Kentucky	4	0	0.0	4	1.0
Kidney	11	1	0.09090909090909093	10	0.9090909090909091
Kidney Diseases	54	6	0.1111111111111111	48	0.8888888888888888
Kidney Failure, Chronic	1	0	0.0	1	1.0
Kidney Neoplasms	1	0	0.0	1	1.0
Kidney Transplantation	10	0	0.0	10	1.0
Kidneys, Artificial	3	0	0.0	3	1.0
Kinetics	3	0	0.0	3	1.0
Knee	4	0	0.0	4	1.0
Knee Injuries	2	0	0.0	2	1.0
Knee Joint	2	0	0.0	2	1.0
Knee Prosthesis	1	0	0.0	1	1.0
Korea	6	1	0.16666666666666666	5	0.8333333333333334
Kyrgyzstan	1	0	0.0	1	1.0
Labor, Obstetric	4	0	0.0	4	1.0
Laboratories	6	0	0.0	6	1.0
Laboratories, Dental	4	0	0.0	4	1.0
Laboratory Animal Science	4	2	0.5	2	0.5
Laboratory Infection	1	0	0.0	1	1.0
Lactation	3	0	0.0	3	1.0
Language	3	0	0.0	3	1.0
Language Development	1	0	0.0	1	1.0
Language Disorders	9	0	0.0	9	1.0
Language Therapy	1	0	0.0	1	1.0
Laparoscopy	8	1	0.125	7	0.875
Larynx	1	0	0.0	1	1.0
Laser Therapy	14	1	0.07142857142857142	13	0.9285714285714286
Lasers	5	1	0.2	4	0.8
Latin America	1	0	0.0	1	1.0
Leadership	9	0	0.0	9	1.0
Learning	13	0	0.0	13	1.0
Learning Disabilities	4	0	0.0	4	1.0
Leg Injuries	1	0	0.0	1	1.0
Leg Ulcer	1	0	0.0	1	1.0
Legislation as Topic	12	0	0.0	12	1.0
Legislation, Drug	3	0	0.0	3	1.0
Legislation, Food	2	0	0.0	2	1.0
Legislation, Hospital	6	0	0.0	6	1.0
Legislation, Medical	26	3	0.1153846153846154	23	0.8846153846153846
Legislation, Nursing	4	0	0.0	4	1.0
Legislation, Veterinary	1	0	0.0	1	1.0
Lens, Crystalline	2	0	0.0	2	1.0
Lenses	1	0	0.0	1	1.0
Lenses, Intraocular	4	0	0.0	4	1.0
Leprosy	20	0	0.0	20	1.0
Leukapheresis	2	0	0.0	2	1.0
Leukemia	4	0	0.0	4	1.0
Leukocytes	2	0	0.0	2	1.0
Leukotrienes	1	0	0.0	1	1.0
Liability, Legal	1	0	0.0	1	1.0
Libraries	1	0	0.0	1	1.0
Libraries, Hospital	2	0	0.0	2	1.0
Libraries, Medical	5	0	0.0	5	1.0
Library Administration	1	0	0.0	1	1.0
Library Associations	1	0	0.0	1	1.0
Library Science	10	0	0.0	10	1.0
Library Services	1	0	0.0	1	1.0
Licensure, Nursing	1	0	0.0	1	1.0
Life Change Events	1	1	1.0	0	0.0
Life Expectancy	3	0	0.0	3	1.0
Life Style	1	0	0.0	1	1.0
Life Support Systems	2	0	0.0	2	1.0
Light	2	0	0.0	2	1.0
Lighting	1	0	0.0	1	1.0
Linguistics	2	0	0.0	2	1.0
Lipid Metabolism	3	0	0.0	3	1.0
Lipids	11	0	0.0	11	1.0
Lipoproteins	1	0	0.0	1	1.0
Liposomes	2	0	0.0	2	1.0
Lipoxygenase	1	0	0.0	1	1.0
Literature	3	0	0.0	3	1.0
Literature, Modern	1	0	0.0	1	1.0
Lithotripsy	2	0	0.0	2	1.0
Lithuania	1	0	0.0	1	1.0
Liver	10	0	0.0	10	1.0
Liver Diseases	37	1	0.027027027027027032	36	0.972972972972973
Liver Neoplasms	2	0	0.0	2	1.0
Liver Transplantation	2	0	0.0	2	1.0
Locomotion	1	0	0.0	1	1.0
London	2	0	0.0	2	1.0
Long-Term Care	16	0	0.0	16	1.0
Longevity	3	0	0.0	3	1.0
Longitudinal Studies	1	0	0.0	1	1.0
Los Angeles	1	0	0.0	1	1.0
Louisiana	2	0	0.0	2	1.0
Low-Level Light Therapy	1	0	0.0	1	1.0
Luminescence	1	0	0.0	1	1.0
Luminescent Measurements	1	0	0.0	1	1.0
Lung	5	0	0.0	5	1.0
Lung Diseases	49	1	0.020408163265306117	48	0.9795918367346939
Lung Diseases, Interstitial	1	0	0.0	1	1.0
Lung Neoplasms	3	0	0.0	3	1.0
Lung Transplantation	1	0	0.0	1	1.0
Lupus Erythematosus, Systemic	2	0	0.0	2	1.0
Lymphatic Diseases	3	0	0.0	3	1.0
Lymphatic System	7	1	0.14285714285714285	6	0.8571428571428571
Lymphatic Vessels	1	0	0.0	1	1.0
Lymphokines	3	0	0.0	3	1.0
Lymphoma	5	0	0.0	5	1.0
Lysosomes	1	0	0.0	1	1.0
Macromolecular Substances	13	0	0.0	13	1.0
Magnesium	3	0	0.0	3	1.0
Magnetic Resonance Angiography	1	0	0.0	1	1.0
Magnetic Resonance Imaging	8	0	0.0	8	1.0
Magnetic Resonance Spectroscopy	15	0	0.0	15	1.0
Maine	4	0	0.0	4	1.0
Maintenance and Engineering, Hospital	6	0	0.0	6	1.0
Malaria	12	0	0.0	12	1.0
Malaysia	1	0	0.0	1	1.0
Male Urogenital Diseases	7	1	0.14285714285714285	6	0.8571428571428571
Mali	1	1	1.0	0	0.0
Malocclusion	4	0	0.0	4	1.0
Malpractice	3	0	0.0	3	1.0
Mammals	4	0	0.0	4	1.0
Mammary Glands, Animal	1	0	0.0	1	1.0
Mammary Neoplasms, Animal	1	0	0.0	1	1.0
Man-Machine Systems	3	0	0.0	3	1.0
Managed Care Programs	26	4	0.15384615384615385	22	0.8461538461538461
Manipulation, Chiropractic	1	0	0.0	1	1.0
Manipulation, Orthopedic	4	0	0.0	4	1.0
Manipulation, Osteopathic	2	0	0.0	2	1.0
Manufactured Materials	2	0	0.0	2	1.0
Marine Biology	10	2	0.2	8	0.8
Marketing of Health Services	19	0	0.0	19	1.0
Marriage	6	1	0.16666666666666666	5	0.8333333333333334
Maryland	6	0	0.0	6	1.0
Mass Screening	1	0	0.0	1	1.0
Mass Spectrometry	8	0	0.0	8	1.0
Massachusetts	2	0	0.0	2	1.0
Massage	1	0	0.0	1	1.0
Mastication	1	0	0.0	1	1.0
Materia Medica	2	1	0.5	1	0.5
Materials Management, Hospital	9	0	0.0	9	1.0
Materials Testing	4	0	0.0	4	1.0
Maternal Health	1	1	1.0	0	0.0
Maternal Health Services	1	0	0.0	1	1.0
Maternal Nutritional Physiological Phenomena	1	0	0.0	1	1.0
Maternal Welfare	5	0	0.0	5	1.0
Maternal-Child Health Services	1	1	1.0	0	0.0
Maternal-Child Nursing	3	0	0.0	3	1.0
Mathematical Computing	2	0	0.0	2	1.0
Mathematics	11	1	0.09090909090909093	10	0.9090909090909091
Maxilla	11	0	0.0	11	1.0
Maxillofacial Development	2	0	0.0	2	1.0
Maxillofacial Injuries	3	0	0.0	3	1.0
Maxillofacial Prosthesis	1	1	1.0	0	0.0
Meat	1	0	0.0	1	1.0
Medicaid	5	0	0.0	5	1.0
Medical Assistance	1	0	0.0	1	1.0
Medical Errors	1	0	0.0	1	1.0
Medical Illustration	6	0	0.0	6	1.0
Medical Indigency	1	0	0.0	1	1.0
Medical Informatics	35	2	0.057142857142857134	33	0.9428571428571428
Medical Informatics Applications	6	1	0.16666666666666666	5	0.8333333333333334
Medical Informatics Computing	3	1	0.3333333333333333	2	0.6666666666666666
Medical Missions	2	0	0.0	2	1.0
Medical Oncology	59	6	0.1016949152542373	53	0.8983050847457628
Medical Record Administrators	4	1	0.25	3	0.75
Medical Records	20	2	0.1	18	0.9
Medical Records Systems, Computerized	2	0	0.0	2	1.0
Medical Secretaries	1	0	0.0	1	1.0
Medical Staff	2	0	0.0	2	1.0
Medical Staff, Hospital	4	0	0.0	4	1.0
Medical Waste	4	0	0.0	4	1.0
Medically Underserved Area	2	0	0.0	2	1.0
Medicare	10	0	0.0	10	1.0
Medication Errors	1	1	1.0	0	0.0
Medicine	1721	86	0.04997094712376525	1635	0.9500290528762347
Medicine in Literature	1	0	0.0	1	1.0
Medicine in the Arts	1	0	0.0	1	1.0
Medicine, African Traditional	1	0	0.0	1	1.0
Medicine, Ayurvedic	1	0	0.0	1	1.0
Medicine, Chinese Traditional	6	2	0.3333333333333333	4	0.6666666666666666
Medicine, East Asian Traditional	10	1	0.1	9	0.9
Medicine, Traditional	2	0	0.0	2	1.0
Mediterranean Region	3	0	0.0	3	1.0
Melanoma	3	0	0.0	3	1.0
Membranes	7	0	0.0	7	1.0
Membranes, Artificial	1	0	0.0	1	1.0
Memory	6	0	0.0	6	1.0
Memory Disorders	1	0	0.0	1	1.0
Men	3	0	0.0	3	1.0
Menopause	7	0	0.0	7	1.0
Mental Disorders	143	13	0.09090909090909093	130	0.9090909090909091
Mental Health	32	4	0.125	28	0.875
Mental Health Services	28	1	0.03571428571428571	27	0.9642857142857143
Mental Processes	3	0	0.0	3	1.0
Meridians	1	0	0.0	1	1.0
Meta-Analysis as Topic	3	0	0.0	3	1.0
Metabolic Diseases	37	1	0.027027027027027032	36	0.972972972972973
Metabolic Syndrome	2	0	0.0	2	1.0
Metabolism	31	0	0.0	31	1.0
Metabolism, Inborn Errors	1	1	1.0	0	0.0
Metabolomics	1	1	1.0	0	0.0
Metals	6	1	0.16666666666666666	5	0.8333333333333334
Metamorphosis, Biological	1	0	0.0	1	1.0
Methadone	1	0	0.0	1	1.0
Mexico	10	1	0.1	9	0.9
Mice	2	0	0.0	2	1.0
Michigan	5	0	0.0	5	1.0
MicroRNAs	1	0	0.0	1	1.0
Microalgae	1	0	0.0	1	1.0
Microbiological Phenomena	13	0	0.0	13	1.0
Microbiological Techniques	12	1	0.08333333333333333	11	0.9166666666666666
Microbiology	183	15	0.08196721311475409	168	0.9180327868852459
Microchemistry	5	0	0.0	5	1.0
Microcirculation	4	0	0.0	4	1.0
Microcomputers	1	0	0.0	1	1.0
Microfilming	1	0	0.0	1	1.0
Microscopy	21	0	0.0	21	1.0
Microscopy, Electron	15	0	0.0	15	1.0
Microscopy, Electron, Scanning	4	0	0.0	4	1.0
Microsurgery	4	0	0.0	4	1.0
Microwaves	3	0	0.0	3	1.0
Middle Aged	1	0	0.0	1	1.0
Middle East	3	0	0.0	3	1.0
Midwifery	34	0	0.0	34	1.0
Military Dentistry	1	0	0.0	1	1.0
Military Medicine	57	1	0.017543859649122806	56	0.9824561403508771
Military Personnel	4	1	0.25	3	0.75
Military Psychiatry	1	0	0.0	1	1.0
Military Science	1	0	0.0	1	1.0
Milk	2	0	0.0	2	1.0
Mind-Body Relations, Metaphysical	1	1	1.0	0	0.0
Mineral Fibers	1	0	0.0	1	1.0
Mineral Waters	1	0	0.0	1	1.0
Minerals	5	0	0.0	5	1.0
Miniaturization	4	0	0.0	4	1.0
Minimally Invasive Surgical Procedures	7	2	0.2857142857142857	5	0.7142857142857143
Mining	3	0	0.0	3	1.0
Minnesota	3	0	0.0	3	1.0
Minority Groups	2	0	0.0	2	1.0
Mississippi	1	0	0.0	1	1.0
Missouri	5	0	0.0	5	1.0
Mites	1	0	0.0	1	1.0
Mitochondria	3	0	0.0	3	1.0
Models, Biological	8	1	0.125	7	0.875
Models, Chemical	2	0	0.0	2	1.0
Models, Genetic	1	0	0.0	1	1.0
Models, Molecular	4	0	0.0	4	1.0
Models, Neurological	3	0	0.0	3	1.0
Models, Organizational	1	0	0.0	1	1.0
Models, Statistical	1	0	0.0	1	1.0
Models, Structural	1	0	0.0	1	1.0
Models, Theoretical	6	1	0.16666666666666666	5	0.8333333333333334
Molecular Biology	199	10	0.05025125628140704	189	0.949748743718593
Molecular Chaperones	1	0	0.0	1	1.0
Molecular Conformation	5	0	0.0	5	1.0
Molecular Diagnostic Techniques	2	0	0.0	2	1.0
Molecular Epidemiology	2	0	0.0	2	1.0
Molecular Imaging	1	0	0.0	1	1.0
Molecular Probe Techniques	1	0	0.0	1	1.0
Molecular Sequence Data	5	0	0.0	5	1.0
Molecular Structure	12	0	0.0	12	1.0
Molecular Targeted Therapy	3	0	0.0	3	1.0
Mollusca	2	0	0.0	2	1.0
Monitoring, Physiologic	10	0	0.0	10	1.0
Morals	1	0	0.0	1	1.0
Morbidity	5	4	0.8	1	0.2
Morphogenesis	5	0	0.0	5	1.0
Mortality	7	4	0.5714285714285714	3	0.42857142857142855
Mortuary Practice	1	0	0.0	1	1.0
Mosquito Control	5	1	0.2	4	0.8
Motion Pictures	3	0	0.0	3	1.0
Motivation	1	0	0.0	1	1.0
Motor Activity	2	0	0.0	2	1.0
Motor Neurons	2	0	0.0	2	1.0
Motor Skills	2	0	0.0	2	1.0
Mouth	12	1	0.08333333333333333	11	0.9166666666666666
Mouth Diseases	91	10	0.10989010989010987	81	0.8901098901098901
Mouth Neoplasms	2	0	0.0	2	1.0
Mouth Rehabilitation	1	0	0.0	1	1.0
Movement	4	0	0.0	4	1.0
Movement Disorders	4	1	0.25	3	0.75
Moxibustion	1	1	1.0	0	0.0
Multi-Institutional Systems	1	0	0.0	1	1.0
Multimedia	2	0	0.0	2	1.0
Multiple Birth Offspring	2	0	0.0	2	1.0
Multiple Myeloma	2	0	0.0	2	1.0
Multiple Sclerosis	3	0	0.0	3	1.0
Mummies	1	0	0.0	1	1.0
Muscle Contraction	1	0	0.0	1	1.0
Muscle, Skeletal	1	0	0.0	1	1.0
Muscle, Smooth	2	1	0.5	1	0.5
Muscles	8	0	0.0	8	1.0
Muscular Diseases	4	1	0.25	3	0.75
Musculoskeletal Diseases	15	2	0.13333333333333333	13	0.8666666666666667
Musculoskeletal Physiological Phenomena	1	0	0.0	1	1.0
Musculoskeletal System	3	1	0.3333333333333333	2	0.6666666666666666
Music	1	1	1.0	0	0.0
Music Therapy	2	0	0.0	2	1.0
Mutagenesis	1	0	0.0	1	1.0
Mutagenicity Tests	1	0	0.0	1	1.0
Mutagens	7	0	0.0	7	1.0
Mutation	5	0	0.0	5	1.0
Myanmar	1	0	0.0	1	1.0
Mycobacterium Infections	1	0	0.0	1	1.0
Mycology	9	2	0.2222222222222222	7	0.7777777777777778
Mycoses	11	1	0.09090909090909093	10	0.9090909090909091
Mycotoxins	1	0	0.0	1	1.0
Myocardial Revascularization	1	0	0.0	1	1.0
Myofunctional Therapy	1	0	0.0	1	1.0
Nanomedicine	4	0	0.0	4	1.0
Nanoparticles	1	0	0.0	1	1.0
Nanostructures	5	0	0.0	5	1.0
Nanotechnology	23	0	0.0	23	1.0
Narcotics	2	1	0.5	1	0.5
Nasopharyngeal Diseases	3	1	0.3333333333333333	2	0.6666666666666666
Nasopharynx	1	0	0.0	1	1.0
Natural Childbirth	2	0	0.0	2	1.0
Natural Science Disciplines	3	0	0.0	3	1.0
Naturopathy	6	0	0.0	6	1.0
Naval Medicine	17	1	0.05882352941176471	16	0.9411764705882353
Nebraska	1	0	0.0	1	1.0
Neck	16	2	0.125	14	0.875
Neonatal Nursing	6	0	0.0	6	1.0
Neonatology	5	0	0.0	5	1.0
Neoplasm Invasiveness	1	0	0.0	1	1.0
Neoplasm Metastasis	3	0	0.0	3	1.0
Neoplasms	287	20	0.06968641114982578	267	0.9303135888501742
Neoplasms, Experimental	6	2	0.3333333333333333	4	0.6666666666666666
Neoplasms, Hormone-Dependent	1	0	0.0	1	1.0
Neoplastic Processes	1	0	0.0	1	1.0
Neovascularization, Pathologic	1	0	0.0	1	1.0
Neovascularization, Physiologic	1	0	0.0	1	1.0
Nepal	2	0	0.0	2	1.0
Nephrology	17	2	0.1176470588235294	15	0.8823529411764706
Nephrosis	1	0	0.0	1	1.0
Nerve Degeneration	4	0	0.0	4	1.0
Nerve Net	2	0	0.0	2	1.0
Nerve Regeneration	3	0	0.0	3	1.0
Nerve Tissue	3	0	0.0	3	1.0
Nervous System	54	3	0.05555555555555555	51	0.9444444444444444
Nervous System Diseases	115	9	0.0782608695652174	106	0.9217391304347826
Nervous System Neoplasms	2	0	0.0	2	1.0
Nervous System Physiological Phenomena	10	3	0.3	7	0.7
Netherlands	4	0	0.0	4	1.0
Neural Networks, Computer	6	0	0.0	6	1.0
Neural Pathways	1	0	0.0	1	1.0
Neuroanatomy	1	0	0.0	1	1.0
Neurobiology	19	0	0.0	19	1.0
Neurochemistry	8	0	0.0	8	1.0
Neurodegenerative Diseases	3	0	0.0	3	1.0
Neurofibromatosis 1	1	0	0.0	1	1.0
Neurogenic Inflammation	1	0	0.0	1	1.0
Neuroglia	2	0	0.0	2	1.0
Neuroimaging	1	0	0.0	1	1.0
Neuroimmunomodulation	3	0	0.0	3	1.0
Neurologic Manifestations	1	0	0.0	1	1.0
Neurology	192	9	0.046875	183	0.953125
Neuromuscular Diseases	6	0	0.0	6	1.0
Neuronal Plasticity	3	0	0.0	3	1.0
Neurons	6	0	0.0	6	1.0
Neuropharmacology	7	0	0.0	7	1.0
Neurophysiology	30	2	0.06666666666666668	28	0.9333333333333333
Neuropsychological Tests	3	0	0.0	3	1.0
Neuropsychology	17	0	0.0	17	1.0
Neuroradiography	4	1	0.25	3	0.75
Neurosciences	49	3	0.061224489795918366	46	0.9387755102040817
Neurosecretion	1	0	0.0	1	1.0
Neurosecretory Systems	1	0	0.0	1	1.0
Neurosurgery	59	11	0.1864406779661017	48	0.8135593220338984
Neurosurgical Procedures	16	4	0.25	12	0.75
Neurotoxins	2	0	0.0	2	1.0
New England	1	0	0.0	1	1.0
New Hampshire	2	0	0.0	2	1.0
New Jersey	10	1	0.1	9	0.9
New Mexico	3	0	0.0	3	1.0
New South Wales	2	0	0.0	2	1.0
New York	10	0	0.0	10	1.0
New York City	2	0	0.0	2	1.0
New Zealand	9	0	0.0	9	1.0
Nicotine	1	0	0.0	1	1.0
Nigeria	1	0	0.0	1	1.0
Nitric Oxide	1	0	0.0	1	1.0
Noise	1	0	0.0	1	1.0
Nonlinear Dynamics	4	0	0.0	4	1.0
Nonverbal Communication	1	0	0.0	1	1.0
North Carolina	5	1	0.2	4	0.8
Norway	4	0	0.0	4	1.0
Nose	3	1	0.3333333333333333	2	0.6666666666666666
Nose Diseases	5	2	0.4	3	0.6
Noxae	1	0	0.0	1	1.0
Nuclear Energy	10	0	0.0	10	1.0
Nuclear Magnetic Resonance, Biomolecular	1	0	0.0	1	1.0
Nuclear Medicine	45	3	0.06666666666666668	42	0.9333333333333333
Nuclear Physics	3	0	0.0	3	1.0
Nuclear Transfer Techniques	1	0	0.0	1	1.0
Nucleic Acids	17	1	0.05882352941176471	16	0.9411764705882353
Nucleosides	2	0	0.0	2	1.0
Nucleotides	2	0	0.0	2	1.0
Nucleotides, Cyclic	6	0	0.0	6	1.0
Nurse Administrators	9	0	0.0	9	1.0
Nurse Anesthetists	3	0	0.0	3	1.0
Nurse Clinicians	5	0	0.0	5	1.0
Nurse Midwives	2	0	0.0	2	1.0
Nurse Practitioners	11	1	0.09090909090909093	10	0.9090909090909091
Nurse-Patient Relations	1	0	0.0	1	1.0
Nurses	12	1	0.08333333333333333	11	0.9166666666666666
Nurses, Male	1	0	0.0	1	1.0
Nursing	386	11	0.028497409326424868	375	0.9715025906735751
Nursing Assessment	3	0	0.0	3	1.0
Nursing Assistants	4	0	0.0	4	1.0
Nursing Care	64	3	0.046875	61	0.953125
Nursing Diagnosis	3	0	0.0	3	1.0
Nursing Homes	13	0	0.0	13	1.0
Nursing Process	10	1	0.1	9	0.9
Nursing Research	18	3	0.16666666666666666	15	0.8333333333333334
Nursing Service, Hospital	1	0	0.0	1	1.0
Nursing Services	5	0	0.0	5	1.0
Nursing Staff	5	0	0.0	5	1.0
Nursing Theory	1	0	0.0	1	1.0
Nursing, Practical	8	0	0.0	8	1.0
Nursing, Supervisory	10	0	0.0	10	1.0
Nutrigenomics	1	0	0.0	1	1.0
Nutrition Disorders	19	2	0.10526315789473684	17	0.8947368421052632
Nutrition Policy	1	1	1.0	0	0.0
Nutrition Surveys	1	0	0.0	1	1.0
Nutritional Physiological Phenomena	139	11	0.07913669064748201	128	0.920863309352518
Nutritional Sciences	6	0	0.0	6	1.0
Nutritional Support	2	0	0.0	2	1.0
Nutritive Value	2	0	0.0	2	1.0
Obesity	20	0	0.0	20	1.0
Obesity, Morbid	2	0	0.0	2	1.0
Object Attachment	1	0	0.0	1	1.0
Obstetric Nursing	12	0	0.0	12	1.0
Obstetric Surgical Procedures	1	0	0.0	1	1.0
Obstetrics	133	5	0.03759398496240601	128	0.9624060150375939
Occupational Diseases	26	5	0.19230769230769232	21	0.8076923076923077
Occupational Exposure	7	2	0.2857142857142857	5	0.7142857142857143
Occupational Health	30	2	0.06666666666666668	28	0.9333333333333333
Occupational Health Nursing	8	0	0.0	8	1.0
Occupational Health Services	7	0	0.0	7	1.0
Occupational Medicine	104	5	0.04807692307692308	99	0.9519230769230769
Occupational Therapy	11	0	0.0	11	1.0
Occupations	1	0	0.0	1	1.0
Oceania	1	0	0.0	1	1.0
Ocular Motility Disorders	3	0	0.0	3	1.0
Ocular Physiological Phenomena	1	0	0.0	1	1.0
Office Management	2	0	0.0	2	1.0
Ohio	5	0	0.0	5	1.0
Oils	1	0	0.0	1	1.0
Oklahoma	3	0	0.0	3	1.0
Oligonucleotides	2	0	0.0	2	1.0
Oligonucleotides, Antisense	1	0	0.0	1	1.0
Oligosaccharides	1	0	0.0	1	1.0
Oncogenes	4	0	0.0	4	1.0
Oncology Nursing	8	0	0.0	8	1.0
Oncology Service, Hospital	1	0	0.0	1	1.0
Ontario	1	0	0.0	1	1.0
Operating Room Nursing	8	0	0.0	8	1.0
Operating Room Technicians	4	0	0.0	4	1.0
Operating Rooms	4	0	0.0	4	1.0
Operations Research	2	0	0.0	2	1.0
Ophthalmic Assistants	1	0	0.0	1	1.0
Ophthalmologic Surgical Procedures	9	0	0.0	9	1.0
Ophthalmology	133	6	0.045112781954887216	127	0.9548872180451128
Opioid-Related Disorders	1	1	1.0	0	0.0
Optics and Photonics	15	0	0.0	15	1.0
Optometry	21	0	0.0	21	1.0
Oral Health	12	1	0.08333333333333333	11	0.9166666666666666
Oral Hygiene	5	0	0.0	5	1.0
Oral Medicine	6	3	0.5	3	0.5
Oral Surgical Procedures	3	2	0.6666666666666666	1	0.3333333333333333
Orbit	1	0	0.0	1	1.0
Orbital Diseases	1	0	0.0	1	1.0
Oregon	3	0	0.0	3	1.0
Organ Transplantation	2	0	0.0	2	1.0
Organic Chemicals	1	0	0.0	1	1.0
Organisms, Genetically Modified	1	0	0.0	1	1.0
Organization and Administration	17	0	0.0	17	1.0
Organizational Innovation	4	0	0.0	4	1.0
Organizations	1	0	0.0	1	1.0
Organogenesis	1	0	0.0	1	1.0
Organotherapy	1	0	0.0	1	1.0
Orientation	1	0	0.0	1	1.0
Origin of Life	2	0	0.0	2	1.0
Orphan Drug Production	1	0	0.0	1	1.0
Orthodontic Appliances, Removable	1	0	0.0	1	1.0
Orthodontics	53	2	0.03773584905660377	51	0.9622641509433962
Orthodontics, Corrective	2	0	0.0	2	1.0
Orthognathic Surgical Procedures	1	0	0.0	1	1.0
Orthopedic Equipment	1	0	0.0	1	1.0
Orthopedic Nursing	2	0	0.0	2	1.0
Orthopedic Procedures	21	7	0.3333333333333333	14	0.6666666666666666
Orthopedics	78	9	0.1153846153846154	69	0.8846153846153846
Orthoptics	3	0	0.0	3	1.0
Orthotic Devices	1	0	0.0	1	1.0
Osteoarthritis	1	0	0.0	1	1.0
Osteopathic Medicine	14	0	0.0	14	1.0
Osteoporosis	5	0	0.0	5	1.0
Ostomy	2	0	0.0	2	1.0
Otolaryngology	96	3	0.03125	93	0.96875
Otorhinolaryngologic Diseases	23	1	0.043478260869565216	22	0.9565217391304348
Otorhinolaryngologic Surgical Procedures	4	1	0.25	3	0.75
Outcome Assessment, Health Care	9	0	0.0	9	1.0
Outcome and Process Assessment, Health Care	7	1	0.14285714285714285	6	0.8571428571428571
Ovarian Diseases	1	0	0.0	1	1.0
Ovary	1	0	0.0	1	1.0
Oxidation-Reduction	3	0	0.0	3	1.0
Oxidative Stress	4	0	0.0	4	1.0
Oxygen Inhalation Therapy	1	1	1.0	0	0.0
Oxytetracycline	1	0	0.0	1	1.0
Pacemaker, Artificial	2	0	0.0	2	1.0
Pacific Islands	4	1	0.25	3	0.75
Pain	25	3	0.12	22	0.88
Pain Management	12	1	0.08333333333333333	11	0.9166666666666666
Pain Measurement	1	0	0.0	1	1.0
Pakistan	1	0	0.0	1	1.0
Paleontology	1	0	0.0	1	1.0
Paleopathology	2	0	0.0	2	1.0
Palliative Care	20	0	0.0	20	1.0
Palliative Medicine	1	0	0.0	1	1.0
Pancreas	6	0	0.0	6	1.0
Pancreatic Diseases	7	0	0.0	7	1.0
Papillomaviridae	1	0	0.0	1	1.0
Paraneoplastic Endocrine Syndromes	1	0	0.0	1	1.0
Paraplegia	4	0	0.0	4	1.0
Parapsychology	3	0	0.0	3	1.0
Parasites	16	1	0.0625	15	0.9375
Parasitic Diseases	33	3	0.09090909090909093	30	0.9090909090909091
Parasitic Diseases, Animal	5	0	0.0	5	1.0
Parasitology	51	6	0.1176470588235294	45	0.8823529411764706
Parent-Child Relations	1	0	0.0	1	1.0
Parenteral Nutrition	13	0	0.0	13	1.0
Parkinson Disease	3	0	0.0	3	1.0
Pastoral Care	4	0	0.0	4	1.0
Patents as Topic	15	0	0.0	15	1.0
Pathologic Processes	2	1	0.5	1	0.5
Pathology	182	12	0.06593406593406594	170	0.9340659340659341
Pathology, Clinical	12	1	0.08333333333333333	11	0.9166666666666666
Pathology, Oral	3	0	0.0	3	1.0
Pathology, Surgical	6	0	0.0	6	1.0
Pathology, Veterinary	7	0	0.0	7	1.0
Patient Admission	3	0	0.0	3	1.0
Patient Advocacy	4	1	0.25	3	0.75
Patient Care	1	0	0.0	1	1.0
Patient Care Planning	11	0	0.0	11	1.0
Patient Care Team	2	0	0.0	2	1.0
Patient Compliance	1	0	0.0	1	1.0
Patient Discharge	3	0	0.0	3	1.0
Patient Education as Topic	2	0	0.0	2	1.0
Patient Participation	3	0	0.0	3	1.0
Patient Rights	1	0	0.0	1	1.0
Patient Safety	1	0	0.0	1	1.0
Patient Satisfaction	2	1	0.5	1	0.5
Patient Simulation	1	0	0.0	1	1.0
Patient-Centered Care	5	0	0.0	5	1.0
Patients	4	0	0.0	4	1.0
Pattern Recognition, Automated	1	0	0.0	1	1.0
Pediatric Dentistry	20	4	0.2	16	0.8
Pediatric Nursing	23	1	0.043478260869565216	22	0.9565217391304348
Pediatrics	228	10	0.04385964912280702	218	0.956140350877193
Peer Review	2	0	0.0	2	1.0
Pelvic Floor	1	0	0.0	1	1.0
Pelvic Organ Prolapse	1	0	0.0	1	1.0
Penicillins	1	0	0.0	1	1.0
Pennsylvania	7	0	0.0	7	1.0
Pensions	3	0	0.0	3	1.0
Peptides	14	0	0.0	14	1.0
Perception	8	0	0.0	8	1.0
Perceptual Disorders	1	0	0.0	1	1.0
Perfusion	1	0	0.0	1	1.0
Perinatal Care	3	0	0.0	3	1.0
Perinatology	13	0	0.0	13	1.0
Periodicals as Topic	3	0	0.0	3	1.0
Periodicity	1	0	0.0	1	1.0
Periodontal Diseases	11	0	0.0	11	1.0
Periodontics	29	3	0.10344827586206896	26	0.896551724137931
Perioperative Nursing	10	0	0.0	10	1.0
Peripheral Nervous System	1	0	0.0	1	1.0
Peripheral Nervous System Diseases	2	0	0.0	2	1.0
Peripheral Vascular Diseases	1	0	0.0	1	1.0
Peritoneal Dialysis	2	1	0.5	1	0.5
Peritoneal Dialysis, Continuous Ambulatory	1	1	1.0	0	0.0
Peroxidases	1	0	0.0	1	1.0
Personal Health Services	2	0	0.0	2	1.0
Personality	6	0	0.0	6	1.0
Personality Assessment	4	0	0.0	4	1.0
Personality Development	2	0	0.0	2	1.0
Personality Disorders	5	1	0.2	4	0.8
Personnel Administration, Hospital	1	0	0.0	1	1.0
Personnel Management	10	0	0.0	10	1.0
Personnel Selection	2	0	0.0	2	1.0
Personnel, Hospital	1	0	0.0	1	1.0
Persons With Hearing Impairments	1	0	0.0	1	1.0
Persons with Mental Disabilities	1	0	0.0	1	1.0
Peru	2	0	0.0	2	1.0
Pest Control	1	0	0.0	1	1.0
Pesticide Residues	1	1	1.0	0	0.0
Pesticides	9	0	0.0	9	1.0
Pharmaceutic Aids	1	0	0.0	1	1.0
Pharmaceutical Preparations	129	7	0.05426356589147287	122	0.9457364341085271
Pharmaceutical Services	2	1	0.5	1	0.5
Pharmacists	1	0	0.0	1	1.0
Pharmacogenetics	14	0	0.0	14	1.0
Pharmacognosy	7	0	0.0	7	1.0
Pharmacokinetics	8	1	0.125	7	0.875
Pharmacological Phenomena	4	0	0.0	4	1.0
Pharmacology	187	11	0.05882352941176471	176	0.9411764705882353
Pharmacology, Clinical	11	1	0.09090909090909093	10	0.9090909090909091
Pharmacopoeias as Topic	3	1	0.3333333333333333	2	0.6666666666666666
Pharmacy	149	1	0.006711409395973154	148	0.9932885906040269
Pharmacy Administration	6	1	0.16666666666666666	5	0.8333333333333334
Pharmacy Service, Hospital	12	0	0.0	12	1.0
Pheromones	1	0	0.0	1	1.0
Philippines	1	0	0.0	1	1.0
Philosophy	6	0	0.0	6	1.0
Philosophy, Medical	9	0	0.0	9	1.0
Philosophy, Nursing	4	0	0.0	4	1.0
Phlebitis	1	0	0.0	1	1.0
Phonetics	3	0	0.0	3	1.0
Phosphoproteins	4	0	0.0	4	1.0
Photobiology	3	0	0.0	3	1.0
Photochemistry	4	0	0.0	4	1.0
Photography	11	0	0.0	11	1.0
Photosensitivity Disorders	1	0	0.0	1	1.0
Photosensitizing Agents	1	0	0.0	1	1.0
Photosynthesis	3	0	0.0	3	1.0
Phototherapy	5	0	0.0	5	1.0
Phylogeny	2	0	0.0	2	1.0
Physical Education and Training	16	1	0.0625	15	0.9375
Physical Exertion	8	0	0.0	8	1.0
Physical Fitness	7	0	0.0	7	1.0
Physical Phenomena	2	0	0.0	2	1.0
Physical Therapy Modalities	53	1	0.018867924528301886	52	0.9811320754716981
Physical Therapy Specialty	2	0	0.0	2	1.0
Physical and Rehabilitation Medicine	17	0	0.0	17	1.0
Physician Assistants	10	1	0.1	9	0.9
Physician-Patient Relations	2	0	0.0	2	1.0
Physicians	29	1	0.03448275862068965	28	0.9655172413793104
Physicians, Family	1	1	1.0	0	0.0
Physicians, Women	4	0	0.0	4	1.0
Physics	27	2	0.07407407407407407	25	0.9259259259259259
Physiological Phenomena	9	1	0.1111111111111111	8	0.8888888888888888
Physiology	144	8	0.05555555555555555	136	0.9444444444444444
Physiology, Comparative	18	0	0.0	18	1.0
Phytotherapy	2	0	0.0	2	1.0
Pigmentation	2	0	0.0	2	1.0
Pineal Gland	1	0	0.0	1	1.0
Pituitary Diseases	1	0	0.0	1	1.0
Pituitary Gland	1	0	0.0	1	1.0
Pituitary Hormones	1	0	0.0	1	1.0
Placenta	2	0	0.0	2	1.0
Plant Cells	3	0	0.0	3	1.0
Plant Development	1	0	0.0	1	1.0
Plant Diseases	2	0	0.0	2	1.0
Plant Extracts	3	0	0.0	3	1.0
Plant Physiological Phenomena	16	1	0.0625	15	0.9375
Plant Proteins	1	0	0.0	1	1.0
Plant Roots	1	0	0.0	1	1.0
Plant Structures	1	0	0.0	1	1.0
Plant Viruses	1	0	0.0	1	1.0
Plants	18	1	0.05555555555555555	17	0.9444444444444444
Plants, Edible	1	0	0.0	1	1.0
Plants, Genetically Modified	5	0	0.0	5	1.0
Plants, Medicinal	14	1	0.07142857142857142	13	0.9285714285714286
Plasmapheresis	3	0	0.0	3	1.0
Plasmids	1	0	0.0	1	1.0
Plastics	1	0	0.0	1	1.0
Play and Playthings	1	0	0.0	1	1.0
Pneumoconiosis	1	0	0.0	1	1.0
Podiatry	9	1	0.1111111111111111	8	0.8888888888888888
Poison Control Centers	1	0	0.0	1	1.0
Poisoning	3	0	0.0	3	1.0
Poisons	5	0	0.0	5	1.0
Poland	7	0	0.0	7	1.0
Policy Making	2	0	0.0	2	1.0
Politics	6	0	0.0	6	1.0
Polymerase Chain Reaction	1	0	0.0	1	1.0
Polymerization	1	0	0.0	1	1.0
Polymers	9	0	0.0	9	1.0
Polysaccharides	2	0	0.0	2	1.0
Population	15	0	0.0	15	1.0
Population Characteristics	1	0	0.0	1	1.0
Population Control	2	0	0.0	2	1.0
Population Growth	1	0	0.0	1	1.0
Population Surveillance	6	1	0.16666666666666666	5	0.8333333333333334
Portugal	1	0	0.0	1	1.0
Positron-Emission Tomography	1	0	0.0	1	1.0
Postoperative Care	2	0	0.0	2	1.0
Postoperative Period	1	0	0.0	1	1.0
Postural Balance	2	0	0.0	2	1.0
Posture	1	0	0.0	1	1.0
Poultry	3	0	0.0	3	1.0
Poultry Diseases	5	1	0.2	4	0.8
Poverty	1	0	0.0	1	1.0
Practice Management, Dental	9	0	0.0	9	1.0
Practice Management, Medical	8	1	0.125	7	0.875
Precision Medicine	3	0	0.0	3	1.0
Preferred Provider Organizations	3	0	0.0	3	1.0
Pregnancy	13	0	0.0	13	1.0
Pregnancy Complications	14	1	0.07142857142857142	13	0.9285714285714286
Pregnancy Trimester, First	2	0	0.0	2	1.0
Pregnancy in Adolescence	1	0	0.0	1	1.0
Prenatal Care	7	0	0.0	7	1.0
Prenatal Diagnosis	1	0	0.0	1	1.0
Prenatal Exposure Delayed Effects	1	0	0.0	1	1.0
Preoperative Care	1	0	0.0	1	1.0
Prepaid Health Plans	2	0	0.0	2	1.0
Preservation, Biological	1	0	0.0	1	1.0
Pressure Ulcer	6	0	0.0	6	1.0
Preventive Dentistry	7	0	0.0	7	1.0
Preventive Health Services	6	1	0.16666666666666666	5	0.8333333333333334
Preventive Medicine	31	4	0.12903225806451613	27	0.8709677419354839
Primary Health Care	27	2	0.07407407407407407	25	0.9259259259259259
Primary Prevention	6	2	0.3333333333333333	4	0.6666666666666666
Primates	7	0	0.0	7	1.0
Prions	1	0	0.0	1	1.0
Prisoners	2	0	0.0	2	1.0
Prisons	3	1	0.3333333333333333	2	0.6666666666666666
Probability	2	0	0.0	2	1.0
Probiotics	1	0	0.0	1	1.0
Process Assessment, Health Care	1	0	0.0	1	1.0
Product Surveillance, Postmarketing	2	0	0.0	2	1.0
Professional Practice	6	1	0.16666666666666666	5	0.8333333333333334
Professional Staff Committees	2	0	0.0	2	1.0
Professional-Patient Relations	1	0	0.0	1	1.0
Program Evaluation	3	0	0.0	3	1.0
Progressive Patient Care	1	0	0.0	1	1.0
Projective Techniques	3	0	0.0	3	1.0
Prokaryotic Cells	1	0	0.0	1	1.0
Prostaglandins	8	0	0.0	8	1.0
Prostate	1	0	0.0	1	1.0
Prostatic Diseases	2	0	0.0	2	1.0
Prostatic Neoplasms	3	0	0.0	3	1.0
Prostheses and Implants	12	1	0.08333333333333333	11	0.9166666666666666
Prosthesis Design	1	0	0.0	1	1.0
Prosthodontics	16	3	0.1875	13	0.8125
Protective Devices	1	0	0.0	1	1.0
Protein Binding	3	0	0.0	3	1.0
Protein Conformation	2	0	0.0	2	1.0
Protein Engineering	3	0	0.0	3	1.0
Protein Folding	3	0	0.0	3	1.0
Protein Kinases	1	0	0.0	1	1.0
Proteins	26	1	0.038461538461538464	25	0.9615384615384616
Proteoglycans	1	0	0.0	1	1.0
Proteome	4	0	0.0	4	1.0
Proteomics	9	0	0.0	9	1.0
Psychiatric Department, Hospital	1	0	0.0	1	1.0
Psychiatric Nursing	15	0	0.0	15	1.0
Psychiatry	177	11	0.062146892655367235	166	0.9378531073446328
Psychoacoustics	1	0	0.0	1	1.0
Psychoanalysis	27	2	0.07407407407407407	25	0.9259259259259259
Psychoanalytic Interpretation	1	0	0.0	1	1.0
Psychoanalytic Theory	1	0	0.0	1	1.0
Psychoanalytic Therapy	2	2	1.0	0	0.0
Psycholinguistics	2	0	0.0	2	1.0
Psychological Tests	4	0	0.0	4	1.0
Psychological Theory	2	0	0.0	2	1.0
Psychology	74	1	0.013513513513513514	73	0.9864864864864865
Psychology, Adolescent	8	0	0.0	8	1.0
Psychology, Applied	16	0	0.0	16	1.0
Psychology, Child	34	3	0.08823529411764706	31	0.9117647058823529
Psychology, Clinical	27	1	0.037037037037037035	26	0.9629629629629629
Psychology, Comparative	9	0	0.0	9	1.0
Psychology, Educational	7	0	0.0	7	1.0
Psychology, Experimental	20	0	0.0	20	1.0
Psychology, Industrial	7	0	0.0	7	1.0
Psychology, Medical	5	0	0.0	5	1.0
Psychology, Military	1	0	0.0	1	1.0
Psychology, Social	23	0	0.0	23	1.0
Psychometrics	3	0	0.0	3	1.0
Psychomotor Performance	1	0	0.0	1	1.0
Psychoneuroimmunology	1	0	0.0	1	1.0
Psychopathology	12	0	0.0	12	1.0
Psychopharmacology	43	3	0.06976744186046513	40	0.9302325581395349
Psychophysics	1	0	0.0	1	1.0
Psychophysiologic Disorders	1	1	1.0	0	0.0
Psychophysiology	32	2	0.0625	30	0.9375
Psychosomatic Medicine	22	4	0.18181818181818185	18	0.8181818181818182
Psychotherapy	34	2	0.05882352941176471	32	0.9411764705882353
Psychotherapy, Group	2	0	0.0	2	1.0
Psychotic Disorders	3	0	0.0	3	1.0
Psychotropic Drugs	7	1	0.14285714285714285	6	0.8571428571428571
Public Health	320	24	0.075	296	0.925
Public Health Administration	13	1	0.07692307692307693	12	0.9230769230769231
Public Health Dentistry	7	1	0.14285714285714285	6	0.8571428571428571
Public Health Nursing	10	0	0.0	10	1.0
Public Health Surveillance	1	0	0.0	1	1.0
Public Opinion	1	0	0.0	1	1.0
Public Policy	24	0	0.0	24	1.0
Public Relations	5	0	0.0	5	1.0
Publishing	3	0	0.0	3	1.0
Pulmonary Disease, Chronic Obstructive	2	0	0.0	2	1.0
Pulmonary Heart Disease	2	0	0.0	2	1.0
Pulmonary Medicine	1	0	0.0	1	1.0
Purchasing, Hospital	3	0	0.0	3	1.0
Quadriplegia	1	0	0.0	1	1.0
Qualitative Research	1	0	0.0	1	1.0
Quality Assurance, Health Care	33	0	0.0	33	1.0
Quality Control	3	0	0.0	3	1.0
Quality of Health Care	26	1	0.038461538461538464	25	0.9615384615384616
Quality of Life	4	0	0.0	4	1.0
Quarantine	2	0	0.0	2	1.0
Quebec	3	1	0.3333333333333333	2	0.6666666666666666
RNA	3	0	0.0	3	1.0
Radiation	16	1	0.0625	15	0.9375
Radiation Dosage	1	0	0.0	1	1.0
Radiation Effects	19	2	0.10526315789473684	17	0.8947368421052632
Radiation Genetics	1	0	0.0	1	1.0
Radiation Monitoring	6	0	0.0	6	1.0
Radiation Oncology	3	0	0.0	3	1.0
Radiation Protection	13	0	0.0	13	1.0
Radiation, Ionizing	2	0	0.0	2	1.0
Radiation, Nonionizing	1	0	0.0	1	1.0
Radio Waves	1	0	0.0	1	1.0
Radioactive Pollutants	2	0	0.0	2	1.0
Radioactive Waste	1	0	0.0	1	1.0
Radioactivity	10	0	0.0	10	1.0
Radiobiology	17	1	0.05882352941176471	16	0.9411764705882353
Radiochemistry	4	0	0.0	4	1.0
Radiographic Image Enhancement	1	0	0.0	1	1.0
Radiography	53	4	0.07547169811320754	49	0.9245283018867925
Radiography, Dental	4	0	0.0	4	1.0
Radiography, Interventional	6	2	0.3333333333333333	4	0.6666666666666666
Radiography, Thoracic	1	0	0.0	1	1.0
Radioisotope Teletherapy	1	0	0.0	1	1.0
Radioisotopes	21	2	0.09523809523809523	19	0.9047619047619048
Radiology	98	4	0.040816326530612235	94	0.9591836734693877
Radiology Department, Hospital	1	0	0.0	1	1.0
Radiology Information Systems	1	0	0.0	1	1.0
Radiology, Interventional	2	0	0.0	2	1.0
Radiometry	3	0	0.0	3	1.0
Radionuclide Imaging	17	1	0.05882352941176471	16	0.9411764705882353
Radiopharmaceuticals	2	0	0.0	2	1.0
Radiotherapy	37	2	0.054054054054054064	35	0.9459459459459459
Radium	2	0	0.0	2	1.0
Randomized Controlled Trials as Topic	2	0	0.0	2	1.0
Rare Diseases	1	0	0.0	1	1.0
Rate Setting and Review	3	0	0.0	3	1.0
Receptors, Cell Surface	7	0	0.0	7	1.0
Receptors, Cytoadhesin	1	0	0.0	1	1.0
Receptors, Cytoplasmic and Nuclear	3	0	0.0	3	1.0
Receptors, Drug	4	0	0.0	4	1.0
Receptors, Immunologic	3	0	0.0	3	1.0
Receptors, Purinergic	1	0	0.0	1	1.0
Receptors, Virus	1	0	0.0	1	1.0
Recombinant Proteins	3	0	0.0	3	1.0
Recombination, Genetic	1	0	0.0	1	1.0
Reconstructive Surgical Procedures	10	1	0.1	9	0.9
Records	1	0	0.0	1	1.0
Recreation	4	0	0.0	4	1.0
Rectal Diseases	2	0	0.0	2	1.0
Red Cross	1	0	0.0	1	1.0
Reference Standards	2	1	0.5	1	0.5
Refractive Surgical Procedures	5	0	0.0	5	1.0
Refrigeration	1	0	0.0	1	1.0
Refuse Disposal	2	0	0.0	2	1.0
Regeneration	1	0	0.0	1	1.0
Regenerative Medicine	3	0	0.0	3	1.0
Regional Health Planning	2	0	0.0	2	1.0
Registries	1	1	1.0	0	0.0
Rehabilitation	65	1	0.015384615384615384	64	0.9846153846153847
Rehabilitation Centers	1	0	0.0	1	1.0
Reimbursement Mechanisms	1	0	0.0	1	1.0
Rejuvenation	1	0	0.0	1	1.0
Religion and Medicine	9	0	0.0	9	1.0
Religion and Psychology	2	0	0.0	2	1.0
Religious Missions	2	0	0.0	2	1.0
Renal Dialysis	15	2	0.13333333333333333	13	0.8666666666666667
Renal Replacement Therapy	3	0	0.0	3	1.0
Renin-Angiotensin System	1	0	0.0	1	1.0
Reproducibility of Results	1	0	0.0	1	1.0
Reproduction	54	0	0.0	54	1.0
Reproductive Health	3	1	0.3333333333333333	2	0.6666666666666666
Reproductive Health Services	1	0	0.0	1	1.0
Reproductive Medicine	18	2	0.1111111111111111	16	0.8888888888888888
Reproductive Physiological Phenomena	2	1	0.5	1	0.5
Reproductive Techniques	4	0	0.0	4	1.0
Reproductive Techniques, Assisted	1	1	1.0	0	0.0
Research	225	14	0.06222222222222223	211	0.9377777777777778
Research Design	15	0	0.0	15	1.0
Research Personnel	1	0	0.0	1	1.0
Research Support as Topic	7	0	0.0	7	1.0
Resilience, Psychological	1	0	0.0	1	1.0
Respiration	8	0	0.0	8	1.0
Respiration Disorders	1	0	0.0	1	1.0
Respiratory Hypersensitivity	1	0	0.0	1	1.0
Respiratory Physiological Phenomena	5	0	0.0	5	1.0
Respiratory Protective Devices	2	0	0.0	2	1.0
Respiratory System	28	1	0.03571428571428571	27	0.9642857142857143
Respiratory System Agents	2	0	0.0	2	1.0
Respiratory Therapy	9	1	0.1111111111111111	8	0.8888888888888888
Respiratory Therapy Department, Hospital	1	0	0.0	1	1.0
Respiratory Tract Diseases	65	1	0.015384615384615384	64	0.9846153846153847
Respiratory Tract Infections	2	0	0.0	2	1.0
Resuscitation	9	0	0.0	9	1.0
Retina	3	0	0.0	3	1.0
Retinal Diseases	3	0	0.0	3	1.0
Retroviridae	4	1	0.25	3	0.75
Retroviridae Infections	1	0	0.0	1	1.0
Review Literature as Topic	2	0	0.0	2	1.0
Rheology	2	0	0.0	2	1.0
Rheumatic Diseases	71	2	0.028169014084507043	69	0.971830985915493
Rheumatic Fever	1	0	0.0	1	1.0
Rheumatology	11	2	0.18181818181818185	9	0.8181818181818182
Rhinoplasty	1	0	0.0	1	1.0
Risk	1	0	0.0	1	1.0
Risk Assessment	3	0	0.0	3	1.0
Risk Factors	4	0	0.0	4	1.0
Risk Management	6	0	0.0	6	1.0
Robotics	7	1	0.14285714285714285	6	0.8571428571428571
Rorschach Test	1	0	0.0	1	1.0
Rural Health	8	1	0.125	7	0.875
Rural Health Services	1	1	1.0	0	0.0
Russia	6	3	0.5	3	0.5
Safety	7	1	0.14285714285714285	6	0.8571428571428571
Safety Management	5	0	0.0	5	1.0
Salaries and Fringe Benefits	2	0	0.0	2	1.0
Salmonella	1	1	1.0	0	0.0
Sanitary Engineering	11	0	0.0	11	1.0
Sanitation	7	0	0.0	7	1.0
Sarcoidosis	2	0	0.0	2	1.0
Sarcopenia	1	0	0.0	1	1.0
Saudi Arabia	1	0	0.0	1	1.0
Scandinavian and Nordic Countries	3	0	0.0	3	1.0
Schistosomiasis	2	1	0.5	1	0.5
Schizophrenia	3	0	0.0	3	1.0
Schizophrenia, Childhood	1	0	0.0	1	1.0
School Dentistry	2	0	0.0	2	1.0
School Health Services	8	0	0.0	8	1.0
School Nursing	2	0	0.0	2	1.0
Schools, Dental	5	0	0.0	5	1.0
Schools, Health Occupations	1	0	0.0	1	1.0
Schools, Medical	2	0	0.0	2	1.0
Schools, Nursing	7	0	0.0	7	1.0
Schools, Veterinary	1	0	0.0	1	1.0
Science	152	5	0.03289473684210526	147	0.9671052631578947
Scotland	2	0	0.0	2	1.0
Seaweed	1	0	0.0	1	1.0
Security Measures	5	0	0.0	5	1.0
Seizures	1	0	0.0	1	1.0
Selection, Genetic	2	0	0.0	2	1.0
Self Care	1	0	0.0	1	1.0
Self-Help Devices	9	1	0.1111111111111111	8	0.8888888888888888
Self-Help Groups	1	0	0.0	1	1.0
Self-Injurious Behavior	1	0	0.0	1	1.0
Semantics	1	0	0.0	1	1.0
Semen	2	0	0.0	2	1.0
Sensation	6	0	0.0	6	1.0
Sense Organs	2	0	0.0	2	1.0
Sensory Receptor Cells	3	0	0.0	3	1.0
Sentinel Surveillance	1	0	0.0	1	1.0
Sequence Analysis	1	0	0.0	1	1.0
Sequence Analysis, DNA	4	0	0.0	4	1.0
Sequence Homology	1	0	0.0	1	1.0
Serology	2	1	0.5	1	0.5
Sewage	5	0	0.0	5	1.0
Sex	7	0	0.0	7	1.0
Sex Determination Processes	1	0	0.0	1	1.0
Sex Differentiation	2	0	0.0	2	1.0
Sex Factors	4	0	0.0	4	1.0
Sex Offenses	1	0	0.0	1	1.0
Sexual Behavior	8	1	0.125	7	0.875
Sexual Dysfunction, Physiological	5	0	0.0	5	1.0
Sexual Dysfunctions, Psychological	1	0	0.0	1	1.0
Sexual Health	2	0	0.0	2	1.0
Sexuality	3	0	0.0	3	1.0
Sexually Transmitted Diseases	45	4	0.08888888888888889	41	0.9111111111111111
Shock	5	0	0.0	5	1.0
Shoulder	1	0	0.0	1	1.0
Signal Detection, Psychological	1	0	0.0	1	1.0
Signal Processing, Computer-Assisted	1	0	0.0	1	1.0
Signal Transduction	16	0	0.0	16	1.0
Silicosis	3	0	0.0	3	1.0
Skin	15	0	0.0	15	1.0
Skin Abnormalities	1	0	0.0	1	1.0
Skin Diseases	35	8	0.22857142857142854	27	0.7714285714285715
Skin Neoplasms	2	0	0.0	2	1.0
Skin Physiological Phenomena	3	0	0.0	3	1.0
Skull	6	0	0.0	6	1.0
Skull Fractures	1	0	0.0	1	1.0
Sleep	7	0	0.0	7	1.0
Sleep Wake Disorders	9	0	0.0	9	1.0
Slovenia	1	0	0.0	1	1.0
Smoking	3	0	0.0	3	1.0
Smoking Prevention	1	0	0.0	1	1.0
Snakes	1	0	0.0	1	1.0
Soaps	3	0	0.0	3	1.0
Soccer	1	0	0.0	1	1.0
Social Behavior	4	0	0.0	4	1.0
Social Conditions	2	0	0.0	2	1.0
Social Determinants of Health	1	1	1.0	0	0.0
Social Environment	1	0	0.0	1	1.0
Social Medicine	40	2	0.05	38	0.95
Social Planning	4	0	0.0	4	1.0
Social Problems	3	0	0.0	3	1.0
Social Sciences	16	0	0.0	16	1.0
Social Security	9	0	0.0	9	1.0
Social Support	6	0	0.0	6	1.0
Social Values	1	0	0.0	1	1.0
Social Welfare	14	0	0.0	14	1.0
Social Work	30	0	0.0	30	1.0
Social Work, Psychiatric	9	0	0.0	9	1.0
Societies	8	0	0.0	8	1.0
Societies, Dental	55	0	0.0	55	1.0
Societies, Medical	30	0	0.0	30	1.0
Societies, Nursing	47	1	0.02127659574468085	46	0.9787234042553191
Societies, Pharmaceutical	1	0	0.0	1	1.0
Societies, Scientific	3	0	0.0	3	1.0
Sociobiology	1	0	0.0	1	1.0
Socioeconomic Factors	6	0	0.0	6	1.0
Sociology	24	0	0.0	24	1.0
Sociology, Medical	6	0	0.0	6	1.0
Sociometric Techniques	1	0	0.0	1	1.0
Software	4	0	0.0	4	1.0
Soil	2	0	0.0	2	1.0
Soil Microbiology	1	0	0.0	1	1.0
Somatomedins	1	0	0.0	1	1.0
Sound	1	0	0.0	1	1.0
South Africa	3	0	0.0	3	1.0
South Carolina	2	0	0.0	2	1.0
Space Flight	23	1	0.043478260869565216	22	0.9565217391304348
Space Perception	1	0	0.0	1	1.0
Spain	15	3	0.2	12	0.8
Specialties, Nursing	4	1	0.25	3	0.75
Species Specificity	1	0	0.0	1	1.0
Spectrometry, Fluorescence	2	0	0.0	2	1.0
Spectrum Analysis	6	0	0.0	6	1.0
Speech	3	0	0.0	3	1.0
Speech Disorders	28	0	0.0	28	1.0
Speech Therapy	3	0	0.0	3	1.0
Speech-Language Pathology	2	0	0.0	2	1.0
Spermatozoa	1	0	0.0	1	1.0
Spinal Cord Diseases	4	0	0.0	4	1.0
Spinal Cord Injuries	10	0	0.0	10	1.0
Spinal Diseases	8	1	0.125	7	0.875
Spinal Fusion	1	0	0.0	1	1.0
Spine	4	1	0.25	3	0.75
Spiritualism	1	0	0.0	1	1.0
Spleen	1	0	0.0	1	1.0
Splenic Diseases	2	0	0.0	2	1.0
Sports	20	0	0.0	20	1.0
Sports Medicine	33	2	0.060606060606060615	31	0.9393939393939394
Staff Development	7	0	0.0	7	1.0
Staining and Labeling	2	0	0.0	2	1.0
State Health Plans	1	0	0.0	1	1.0
State Medicine	7	0	0.0	7	1.0
Static Electricity	1	0	0.0	1	1.0
Statistics as Topic	17	1	0.05882352941176471	16	0.9411764705882353
Stem Cell Transplantation	1	1	1.0	0	0.0
Stem Cells	17	0	0.0	17	1.0
Stereoisomerism	1	0	0.0	1	1.0
Stereotaxic Techniques	2	0	0.0	2	1.0
Sterilization	5	1	0.2	4	0.8
Sterilization, Reproductive	4	0	0.0	4	1.0
Steroids	6	0	0.0	6	1.0
Stomach Neoplasms	1	0	0.0	1	1.0
Stomatognathic Diseases	4	0	0.0	4	1.0
Stomatognathic System	4	0	0.0	4	1.0
Strabismus	5	0	0.0	5	1.0
Stress Disorders, Post-Traumatic	7	0	0.0	7	1.0
Stress, Physiological	5	0	0.0	5	1.0
Stress, Psychological	2	0	0.0	2	1.0
Stroke	3	0	0.0	3	1.0
Strontium Isotopes	1	0	0.0	1	1.0
Structure-Activity Relationship	4	0	0.0	4	1.0
Student Health Services	3	0	0.0	3	1.0
Students, Dental	2	0	0.0	2	1.0
Students, Medical	1	0	0.0	1	1.0
Subcellular Fractions	1	1	1.0	0	0.0
Submarine Medicine	6	2	0.3333333333333333	4	0.6666666666666666
Substance-Related Disorders	44	2	0.045454545454545456	42	0.9545454545454546
Sugar Phosphates	1	0	0.0	1	1.0
Suicide	6	1	0.16666666666666666	5	0.8333333333333334
Surface Properties	2	0	0.0	2	1.0
Surface Tension	1	0	0.0	1	1.0
Surface-Active Agents	4	0	0.0	4	1.0
Surgery, Computer-Assisted	4	0	0.0	4	1.0
Surgery, General	1	1	1.0	0	0.0
Surgery, Oral	37	1	0.027027027027027032	36	0.972972972972973
Surgery, Plastic	45	2	0.04444444444444445	43	0.9555555555555556
Surgical Equipment	7	1	0.14285714285714285	6	0.8571428571428571
Surgical Instruments	4	1	0.25	3	0.75
Surgical Procedures, Operative	60	9	0.15	51	0.85
Surgical Wound Infection	1	0	0.0	1	1.0
Survivors	1	0	0.0	1	1.0
Sweden	3	0	0.0	3	1.0
Switzerland	7	0	0.0	7	1.0
Symbiosis	1	0	0.0	1	1.0
Synapses	1	0	0.0	1	1.0
Synaptic Transmission	5	0	0.0	5	1.0
Synchrotrons	1	0	0.0	1	1.0
Synthetic Biology	1	0	0.0	1	1.0
Syphilis	17	0	0.0	17	1.0
Systematic Reviews as Topic	1	0	0.0	1	1.0
Systems Analysis	1	0	0.0	1	1.0
Systems Biology	8	1	0.125	7	0.875
Tanzania	2	0	0.0	2	1.0
Teaching	3	0	0.0	3	1.0
Teaching Materials	1	0	0.0	1	1.0
Technology	40	2	0.05	38	0.95
Technology Assessment, Biomedical	19	1	0.05263157894736842	18	0.9473684210526315
Technology, Dental	25	2	0.08	23	0.92
Technology, Pharmaceutical	30	2	0.06666666666666668	28	0.9333333333333333
Technology, Radiologic	14	3	0.21428571428571427	11	0.7857142857142857
Telemedicine	7	0	0.0	7	1.0
Telemetry	2	0	0.0	2	1.0
Television	4	0	0.0	4	1.0
Temperance	2	0	0.0	2	1.0
Temporomandibular Joint	1	0	0.0	1	1.0
Temporomandibular Joint Disorders	4	0	0.0	4	1.0
Temporomandibular Joint Dysfunction Syndrome	2	0	0.0	2	1.0
Tennessee	3	0	0.0	3	1.0
Teratogens	3	0	0.0	3	1.0
Teratology	2	0	0.0	2	1.0
Terminal Care	7	0	0.0	7	1.0
Testicular Hormones	2	0	0.0	2	1.0
Texas	6	0	0.0	6	1.0
Theranostic Nanomedicine	1	0	0.0	1	1.0
Therapeutics	77	2	0.025974025974025976	75	0.974025974025974
Therapies, Investigational	2	0	0.0	2	1.0
Therapy, Computer-Assisted	4	1	0.25	3	0.75
Thermography	2	0	0.0	2	1.0
Thoracic Diseases	38	2	0.05263157894736842	36	0.9473684210526315
Thoracic Neoplasms	2	0	0.0	2	1.0
Thoracic Surgery	17	1	0.05882352941176471	16	0.9411764705882353
Thoracic Surgical Procedures	11	3	0.2727272727272727	8	0.7272727272727273
Thorax	12	0	0.0	12	1.0
Thrombosis	19	1	0.05263157894736842	18	0.9473684210526315
Thromboxanes	3	0	0.0	3	1.0
Thymus Gland	1	0	0.0	1	1.0
Thyroid Diseases	2	1	0.5	1	0.5
Thyroid Gland	1	0	0.0	1	1.0
Thyroid Hormones	2	1	0.5	1	0.5
Tick Control	1	0	0.0	1	1.0
Tick-Borne Diseases	1	0	0.0	1	1.0
Ticks	2	0	0.0	2	1.0
Tinnitus	1	1	1.0	0	0.0
Tissue Banks	2	0	0.0	2	1.0
Tissue Donors	2	0	0.0	2	1.0
Tissue Engineering	7	0	0.0	7	1.0
Tissue Preservation	1	0	0.0	1	1.0
Tissue Transplantation	1	0	0.0	1	1.0
Tissue and Organ Procurement	2	0	0.0	2	1.0
Tissues	2	0	0.0	2	1.0
Tobacco	2	0	0.0	2	1.0
Tobacco Use Disorder	3	0	0.0	3	1.0
Tomography	2	0	0.0	2	1.0
Tomography, Emission-Computed	3	0	0.0	3	1.0
Tomography, X-Ray Computed	9	0	0.0	9	1.0
Tooth	3	0	0.0	3	1.0
Tooth Diseases	9	2	0.2222222222222222	7	0.7777777777777778
Tooth Injuries	2	0	0.0	2	1.0
Tooth Replantation	2	0	0.0	2	1.0
Topography, Medical	1	0	0.0	1	1.0
Torture	1	0	0.0	1	1.0
Total Quality Management	1	0	0.0	1	1.0
Touch	1	0	0.0	1	1.0
Toxicity Tests	1	0	0.0	1	1.0
Toxicogenetics	1	0	0.0	1	1.0
Toxicology	91	3	0.03296703296703297	88	0.967032967032967
Toxins, Biological	8	0	0.0	8	1.0
Trace Elements	6	0	0.0	6	1.0
Trachoma	3	0	0.0	3	1.0
Training Support	4	0	0.0	4	1.0
Transcription, Genetic	1	0	0.0	1	1.0
Transcultural Nursing	1	0	0.0	1	1.0
Transfection	1	0	0.0	1	1.0
Transgender Persons	1	0	0.0	1	1.0
Translational Medical Research	11	0	0.0	11	1.0
Translations	1	0	0.0	1	1.0
Translocation, Genetic	1	0	0.0	1	1.0
Transplantation	16	2	0.125	14	0.875
Transplantation Immunology	2	0	0.0	2	1.0
Transplantation, Heterologous	2	0	0.0	2	1.0
Transplants	2	0	0.0	2	1.0
Transport Vesicles	1	0	0.0	1	1.0
Transportation of Patients	6	0	0.0	6	1.0
Transsexualism	1	0	0.0	1	1.0
Trauma, Nervous System	2	0	0.0	2	1.0
Traumatology	4	1	0.25	3	0.75
Travel	3	0	0.0	3	1.0
Treatment Outcome	1	0	0.0	1	1.0
Trees	1	0	0.0	1	1.0
Tremor	2	0	0.0	2	1.0
Tropical Climate	1	0	0.0	1	1.0
Tropical Medicine	79	2	0.02531645569620253	77	0.9746835443037974
Tuberculosis	121	1	0.008264462809917356	120	0.9917355371900827
Tuberculosis, Pulmonary	9	1	0.1111111111111111	8	0.8888888888888888
Turkey	2	0	0.0	2	1.0
Twins	3	0	0.0	3	1.0
USSR	3	0	0.0	3	1.0
Ukraine	3	0	0.0	3	1.0
Ultrafiltration	1	0	0.0	1	1.0
Ultrasonics	12	0	0.0	12	1.0
Ultrasonography	16	1	0.0625	15	0.9375
Ultrasonography, Prenatal	1	0	0.0	1	1.0
United Kingdom	45	0	0.0	45	1.0
United States	262	22	0.08396946564885496	240	0.916030534351145
Universities	3	0	0.0	3	1.0
Urban Health	2	0	0.0	2	1.0
Uremia	2	0	0.0	2	1.0
Urinary Bladder Neoplasms	1	0	0.0	1	1.0
Urinary Calculi	2	0	0.0	2	1.0
Urinary Incontinence	1	0	0.0	1	1.0
Urinary Tract	1	0	0.0	1	1.0
Urinary Tract Physiological Phenomena	3	0	0.0	3	1.0
Urodynamics	1	0	0.0	1	1.0
Urogenital Neoplasms	3	0	0.0	3	1.0
Urogenital System	2	0	0.0	2	1.0
Urolithiasis	1	0	0.0	1	1.0
Urologic Diseases	36	6	0.16666666666666666	30	0.8333333333333334
Urologic Neoplasms	3	0	0.0	3	1.0
Urologic Surgical Procedures	3	1	0.3333333333333333	2	0.6666666666666666
Urology	64	5	0.078125	59	0.921875
User-Computer Interface	4	0	0.0	4	1.0
Utah	4	0	0.0	4	1.0
Uterine Cervical Diseases	1	0	0.0	1	1.0
Utilization Review	3	0	0.0	3	1.0
Vaccination	2	0	0.0	2	1.0
Vaccines	12	0	0.0	12	1.0
Vaccines, Synthetic	1	0	0.0	1	1.0
Vascular Diseases	26	1	0.038461538461538464	25	0.9615384615384616
Vascular Surgical Procedures	19	1	0.05263157894736842	18	0.9473684210526315
Vasculitis	1	0	0.0	1	1.0
Vehicle Emissions	1	1	1.0	0	0.0
Veins	1	0	0.0	1	1.0
Venereology	1	1	1.0	0	0.0
Venezuela	3	0	0.0	3	1.0
Venoms	1	0	0.0	1	1.0
Vermont	1	0	0.0	1	1.0
Vertebrates	1	0	0.0	1	1.0
Vestibular Diseases	1	0	0.0	1	1.0
Vestibule, Labyrinth	1	0	0.0	1	1.0
Veterinary Medicine	161	8	0.049689440993788817	153	0.9503105590062112
Veterinary Service, Military	1	0	0.0	1	1.0
Violence	5	0	0.0	5	1.0
Viral Vaccines	1	0	0.0	1	1.0
Virginia	4	0	0.0	4	1.0
Virology	42	3	0.07142857142857142	39	0.9285714285714286
Virulence	3	0	0.0	3	1.0
Virus Diseases	25	1	0.04	24	0.96
Virus Physiological Phenomena	2	0	0.0	2	1.0
Viruses	20	0	0.0	20	1.0
Vision Disorders	4	0	0.0	4	1.0
Vision, Binocular	3	0	0.0	3	1.0
Vision, Ocular	11	2	0.18181818181818185	9	0.8181818181818182
Visual Perception	1	0	0.0	1	1.0
Vital Statistics	33	6	0.18181818181818185	27	0.8181818181818182
Vitamin D	1	0	0.0	1	1.0
Vitamins	15	2	0.13333333333333333	13	0.8666666666666667
Vitreous Body	1	0	0.0	1	1.0
Vivisection	3	0	0.0	3	1.0
Vocational Education	1	0	0.0	1	1.0
Vocational Guidance	2	0	0.0	2	1.0
Voice	3	0	0.0	3	1.0
Voice Disorders	2	0	0.0	2	1.0
Wakefulness	2	0	0.0	2	1.0
Wales	1	0	0.0	1	1.0
Walking	1	0	0.0	1	1.0
Warfare	2	0	0.0	2	1.0
Washington	4	0	0.0	4	1.0
Waste Management	4	0	0.0	4	1.0
Waste Products	2	0	0.0	2	1.0
Water	1	0	0.0	1	1.0
Water Microbiology	5	0	0.0	5	1.0
Water Pollutants	2	0	0.0	2	1.0
Water Pollution	14	1	0.07142857142857142	13	0.9285714285714286
Water Supply	7	0	0.0	7	1.0
Weather	1	0	0.0	1	1.0
Weightlessness	1	0	0.0	1	1.0
Weights and Measures	1	1	1.0	0	0.0
Wisconsin	5	0	0.0	5	1.0
Women	6	0	0.0	6	1.0
Women's Health	24	0	0.0	24	1.0
Women's Health Services	2	0	0.0	2	1.0
Women's Rights	2	0	0.0	2	1.0
Workers' Compensation	1	0	0.0	1	1.0
World War II	3	0	0.0	3	1.0
Wound Healing	7	1	0.14285714285714285	6	0.8571428571428571
Wounds and Injuries	72	9	0.125	63	0.875
Writing	1	0	0.0	1	1.0
X-Rays	2	0	0.0	2	1.0
Yeasts	2	0	0.0	2	1.0
Yellow Fever	1	0	0.0	1	1.0
Yoga	1	1	1.0	0	0.0
Young Adult	1	0	0.0	1	1.0
Yugoslavia	3	0	0.0	3	1.0
Zebrafish	1	0	0.0	1	1.0
Zimbabwe	3	0	0.0	3	1.0
Zoology	33	2	0.060606060606060615	31	0.9393939393939394
Zoonoses	5	0	0.0	5	1.0
Zygote	1	0	0.0	1	1.0
alpha-Fetoproteins	2	0	0.0	2	1.0
